Cost Center,Program Code,Grant,Budget,Big Bet,Priority Place,Country,,
CC215 Corporate Fundraising,43900000 PSE Communications,GR000000.01 Non-Program Unrestricted PSE,"139,669.06 ",Private Sector ,,,,
CC400 Program Operations Central,"PANORAMA PANORAMA: Workday, Adaptive, Smart Simple Systems",GR000012.00 Panorama - Funded through carryforward,"724,806.29 ",Other,,,,
CC400 Program Operations Central,40000000 Program Management - General,GR000001.01 Program Unrestricted - cc000,"512,966.07 ",Other,,,,
CC400 Program Operations Central,"PANORAMA PANORAMA: Workday, Adaptive, Smart Simple Systems",GR000042.00 Panorama - OSP Board Payout,"315,000.00 ",Other,,,,
CC400 Program Operations Central,10400066 COU DocLink for Sage,GR000001.01 Program Unrestricted - cc000,"43,232.43 ",Other,,,,
CC400 Program Operations Central,10900001 Workday Learning,GR000001.01 Program Unrestricted - cc000,"24,782.60 ",Other,,,,
CC401 Network Commitments,40000002 Network Services,GR000001.01 Program Unrestricted - cc000,"19,000,000.00 ",Network Services,,,,
CC402 Grants Administration and Compliance,40000000 Program Management - General,GR000001.01 Program Unrestricted - cc000,"689,150.38 ",Other,,,,
CC403 Financial Reporting and Compliance,40000000 Program Management - General,GR000001.01 Program Unrestricted - cc000,"488,068.21 ",Other,,,,
CC404 Wildlife Tech,9F071701 KAZA Elephants and Other Wildlife,GR000011.01 Uncovered Salaries and Expenses,"30,031.71 ",Landscape,Southern Africa,,,
CC404 Wildlife Tech,9Z210406 Wildlabs,GR000011.02 Restricted Coverage Identified,"197,132.00 ",Resilience,,,,
CC404 Wildlife Tech,9Z210400 Wildlife Crime Technology,GR000011.01 Uncovered Salaries and Expenses,"192,346.46 ",Resilience,,,,
CC404 Wildlife Tech,9Z210407 e-DNA,GR000011.01 Uncovered Salaries and Expenses,"127,896.67 ",Landscape,,,,
CC404 Wildlife Tech,9Z210407 e-DNA,GR011771.16 Bequest Laura L Sterns - DNA/eDNA contributions to Dzanga-Sangha forest elephant- cc404 - 15.5%,"90,000.00 ",Landscape,Congo,,,
CC404 Wildlife Tech,9Z210400 Wildlife Crime Technology,GR000336.11 Protect Elephants Bucket - Technology for Elephants - 404 - 15.5%,"85,235.55 ",Resilience,,,,
CC404 Wildlife Tech,9Z210408 Wildlife Technology,GR000011.01 Uncovered Salaries and Expenses,"57,227.56 ",Resilience,,,,
CC404 Wildlife Tech,9Z210407 e-DNA,GR000011.02 Restricted Coverage Identified,"41,743.94 ",Landscape,,,,
CC404 Wildlife Tech,9Z210400 Wildlife Crime Technology,GR000336.04 Protect Elephants - 404,"16,533.14 ",Resilience,,,,
CC404 Wildlife Tech,9Z210407 e-DNA,GR000340.02 Wildlife Technology Bucket - e-DNA - 404 - 15.5%,"15,584.42 ",Landscape,,,,
CC404 Wildlife Tech,9Z210400 Wildlife Crime Technology,GR000011.02 Restricted Coverage Identified,"13,917.14 ",Resilience,,,,
CC404 Wildlife Tech,9Z210400 Wildlife Crime Technology,GR000310.04 Help Species in Peril - 404,"7,300.00 ",Resilience,,,,
CC404 Wildlife Tech,9Z210406 Wildlabs,GR000011.01 Uncovered Salaries and Expenses,"6,296.50 ",Resilience,,,,
CC404 Wildlife Tech,9Z210400 Wildlife Crime Technology,GR000340.01 Wildlife Technology Bucket - 404,"1,681.70 ",Resilience,,,,
CC405 Eastern Himalayas,9S008400 Tigers - Eastern Himalayas,GR011605.02 - Discovery - Project CAT - BHL - CC405,"148,604.96 ",Landscape,Eastern Himalaya,,,
CC405 Eastern Himalayas,9S214000 Asian Greater One-Horned Rhinos,GR000327.05 Asian Greater One-Horned Rhinos Bucket - 405 - 15.5%,"86,580.09 ",Landscape,Eastern Himalaya,,,
CC405 Eastern Himalayas,9S008400 Tigers - Eastern Himalayas,GR000011.02 Restricted Coverage Identified,"30,502.14 ",Landscape,Eastern Himalaya,,,
CC405 Eastern Himalayas,9S214000 Asian Greater One-Horned Rhinos,GR000011.01 Uncovered Salaries and Expenses,"14,439.99 ",Landscape,Eastern Himalaya,,,
CC405 Eastern Himalayas,9S214000 Asian Greater One-Horned Rhinos,GR000321.04 Protect Rhinos Bucket - 405,"13,537.33 ",Landscape,Eastern Himalaya,,,
CC405 Eastern Himalayas,9S008400 Tigers - Eastern Himalayas,GR000320.07 Save the Tigers in the Wild - CC405,"12,414.74 ",Landscape,Eastern Himalaya,,,
CC405 Eastern Himalayas,9S008400 Tigers - Eastern Himalayas,GR000011.01 Uncovered Salaries and Expenses,"7,311.39 ",Landscape,Eastern Himalaya,,,
CC405 Eastern Himalayas,9S008400 Tigers - Eastern Himalayas,GR000720.13 Eastern Himalayas Bucket - CC405,"5,650.00 ",Landscape,Eastern Himalaya,,,
CC405 Eastern Himalayas,9Z125600 Wildlife Trade & Wildlife Law,GR011598.01 INL - Countering Wildlife Trafficking in South and Southeast Asia - HQ,"20,460.15 ",Resilience,Eastern Himalaya,,,
CC405 Eastern Himalayas,9Z125621 Wildlife Enforcement and Zero Poaching,GR000337.03 Bucket Ranger Support - 405,"157,320.81 ",Resilience,,,,
CC405 Eastern Himalayas,9S090000 Eastern Himalayan General - Wildlife,GR000720.14 Moxness Eastern Himalayas - CC405,"96,360.06 ",Landscape,Eastern Himalaya,,,
CC405 Eastern Himalayas,9S090000 Eastern Himalayan General - Wildlife,GR000720.13 Eastern Himalayas Bucket - CC405,"40,881.74 ",Landscape,Eastern Himalaya,,,
CC405 Eastern Himalayas,9S090000 Eastern Himalayan General - Wildlife,GR000011.02 Restricted Coverage Identified,"38,920.42 ",Landscape,Eastern Himalaya,,,
CC405 Eastern Himalayas,9S090000 Eastern Himalayan General - Wildlife,GR012230.01 Gates Family Fdn – Poha Fund – Balbi Brooks – HQ CC405,"34,632.03 ",Landscape,Eastern Himalaya,,,
CC405 Eastern Himalayas,9S090000 Eastern Himalayan General - Wildlife,GR000720.16 Eastern Himalayas Bucket - CC405 - 0%,"25,000.00 ",Landscape,Eastern Himalaya,,,
CC405 Eastern Himalayas,9S073661 Asian Elephants - Eastern Himalayas,GR000336.08 Protect Elephants - Asian Elephants - 405 - 15.5%,"22,643.31 ",Landscape,Eastern Himalaya,,,
CC405 Eastern Himalayas,9S090000 Eastern Himalayan General - Wildlife,GR000011.01 Uncovered Salaries and Expenses,"21,373.10 ",Landscape,Eastern Himalaya,,,
CC405 Eastern Himalayas,9S090000 Eastern Himalayan General - Wildlife,GR012624.01 DAF Eastern Himalayas Bucket - 405 - 15.5%,"19,012.50 ",Landscape,Eastern Himalaya,,,
CC405 Eastern Himalayas,9Z210407 e-DNA,GR000011.01 Uncovered Salaries and Expenses,"13,785.96 ",Landscape,,,,
CC405 Eastern Himalayas,9S073661 Asian Elephants - Eastern Himalayas,GR000011.01 Uncovered Salaries and Expenses,"6,667.00 ",Landscape,Eastern Himalaya,,,
CC405 Eastern Himalayas,9S073603 Asian Elephants – India,GR000336.08 Protect Elephants - Asian Elephants - 405 - 15.5%,"2,000.00 ",Landscape,,India,,
CC405 Eastern Himalayas,9S073605 Asian Elephant Collaring,GR000307.04 Asian Rhinos & Elephants Bucket - 405 - 15.5%,432.88 ,Landscape,Eastern Himalaya,,,
CC407 Chief Conservation Officer,40700000 Conservation Programs,GR000001.01 Program Unrestricted - cc000,"1,621,546.01 ",Other,,,,
CC407 Chief Conservation Officer,40700100 Strategy and Impact,GR000001.01 Program Unrestricted - cc000,"369,268.52 ",Other,,,,
CC408 EFL- Bhutan For Life,BT200301 Bhutan for Life - Transition Fund,GR007900.01 Bhutan for Life - GCF - 408,"3,500,000.00 ",Landscape,Eastern Himalaya,,,
CC408 EFL- Bhutan For Life,BT200301 Bhutan for Life - Transition Fund,GR004332.02 Bhutan for Life - Transition Fund - 408i,"250,000.00 ",Landscape,Eastern Himalaya,,,
CC408 EFL- Bhutan For Life,BT200301 Bhutan for Life - Transition Fund,GR004301.02 Bhutan for Life - Transition Fund - 408,"93,649.00 ",Landscape,Eastern Himalaya,,,
CC408 EFL- Bhutan For Life,BT200301 Bhutan for Life - Transition Fund,GR004357.08 Bhutan for Life - Transition Fund - 408h,"78,929.00 ",Landscape,Eastern Himalaya,,,
CC408 EFL- Bhutan For Life,BT200301 Bhutan for Life - Transition Fund,GR005J42.01 BFL - Transition Funds - 408b,"17,728.00 ",Landscape,Eastern Himalaya,,,
CC409 EFL - Earth for Life,BEF00003 Bezos – PFP – Namibia,GR010441.01 Bezos-PFP-Transition Funds - 409,"15,000,000.00 ",Landscape,Southern Africa,Namibia,,
CC409 EFL - Earth for Life,BEF00004 Bezos – PFP – Belize,GR010441.01 Bezos-PFP-Transition Funds - 409,"12,000,000.00 ",Landscape,,Belize,,
CC409 EFL - Earth for Life,41000053 Earth for Life - Forest,GR011370.02 CC409 Enduring Earth - GEF,"5,466,445.00 ",Landscape,Southern Africa,Namibia,,
CC409 EFL - Earth for Life,41000053 Earth for Life - Forest,GR012321.01 PFP Deal Funds_Ubbens--cc409,"5,000,000.00 ",Landscape,,,,
CC409 EFL - Earth for Life,9L082206 PFP - Belize,"GR012134.01 Resilient, Bold Belize","4,742,964.00 ",Landscape,,Belize,,
CC409 EFL - Earth for Life,BEF00001 Bezos – PFP – Peru,GR010441.01 Bezos-PFP-Transition Funds - 409,"4,250,000.00 ",Landscape,Amazon,Peru,,
CC409 EFL - Earth for Life,41000053 Earth for Life - Forest,GR000011.01 Uncovered Salaries and Expenses,"1,730,841.24 ",Landscape,,,,
CC409 EFL - Earth for Life,41000053 Earth for Life - Forest,GR011599.01 HECO Marine PFP - CC409,"1,600,000.00 ",Landscape,Amazon,Colombia ,,
CC409 EFL - Earth for Life,9L082223 HECO Leticia Project Administration,GR004950.13 Ubbens - HECO Invest Platform - 409,"1,410,947.07 ",Landscape,Amazon,Colombia ,,
CC409 EFL - Earth for Life,41000053 Earth for Life - Forest,GR012825.01 Wal Mart ARPA Communities-- CC 409,"1,000,000.00 ",Landscape,Amazon,Brazil,,
CC409 EFL - Earth for Life,41000053 Earth for Life - Forest,GR011018.01 MACP-Enduring Earth-409,"783,394.88 ",Landscape,,,,
CC409 EFL - Earth for Life,41000053 Earth for Life - Forest,GR004950.16 Ubbens PFP - CC409,"600,000.00 ",Landscape,,,,
CC409 EFL - Earth for Life,BEF00006 Bezos – PFP – Other,GR010441.02 Bezos-PFP-Coordination Fund - 409,"436,166.05 ",Landscape,,,,
CC409 EFL - Earth for Life,41000053 Earth for Life - Forest,GR000011.02 Restricted Coverage Identified,"309,727.50 ",Landscape,,,,
CC409 EFL - Earth for Life,41000054 Forest-Enduring Earth,GR000011.01 Uncovered Salaries and Expenses,"298,287.32 ",Landscape,,,,
CC409 EFL - Earth for Life,41000053 Earth for Life - Forest,GR011880.01 EE Grantham-- CC409,"275,811.24 ",Landscape,,,,
CC409 EFL - Earth for Life,YucaPFP1 Yucatan PFP Development,GR013013.01 Yucatan Vive PFP -- CC 409,"250,000.00 ",Landscape,,,,
CC409 EFL - Earth for Life,BEF00002 Bezos – PFP – Colombia,GR000011.01 Uncovered Salaries and Expenses,"140,531.55 ",Landscape,Amazon,Colombia ,,
CC409 EFL - Earth for Life,BEF00004 Bezos – PFP – Belize,GR010441.02 Bezos-PFP-Coordination Fund - 409,"139,620.47 ",Landscape,,Belize,,
CC409 EFL - Earth for Life,41000053 Earth for Life - Forest,GR010662.02 HeCo Colombia - CC409,"137,114.55 ",Landscape,Amazon,Colombia ,,
CC409 EFL - Earth for Life,41000054 Forest-Enduring Earth,GR011768.01 OECM Capacity Building -- 409,"96,527.28 ",Landscape,Eastern Himalaya,,,
CC409 EFL - Earth for Life,41000053 Earth for Life - Forest,GR003855.01 Earth for Life - 409,"86,580.08 ",Landscape,,,,
CC409 EFL - Earth for Life,41000054 Forest-Enduring Earth,GR000011.02 Restricted Coverage Identified,"74,043.67 ",Landscape,,,,
CC409 EFL - Earth for Life,41000053 Earth for Life - Forest,GR000001.02 Goal Core Allocation - Unrestricted,"73,000.00 ",Landscape,,,,
CC409 EFL - Earth for Life,41000053 Earth for Life - Forest,GR011350.01 Enduring Earth Bucket- 409,"64,935.07 ",Landscape,Amazon,Brazil,,
CC409 EFL - Earth for Life,BEF00002 Bezos – PFP – Colombia,GR010441.02 Bezos-PFP-Coordination Fund - 409,"57,453.53 ",Landscape,Amazon,Colombia ,,
CC409 EFL - Earth for Life,51300001 Seascapes,GR012343.01 Moore_30X30 - HQ cc409 12.5% to HQ,"33,141.33 ",Landscape,,,,
CC409 EFL - Earth for Life,41000054 Forest-Enduring Earth,GR011018.01 MACP-Enduring Earth-409,"29,727.02 ",Landscape,,,,
CC409 EFL - Earth for Life,41000054 Forest-Enduring Earth,GR011418.03 Sall - SW Amazon - 409,"24,577.99 ",Landscape,Amazon,"Peru, Bolivia",,
CC409 EFL - Earth for Life,41000054 Forest-Enduring Earth,GR012343.01 Moore_30X30 - HQ cc409 12.5% to HQ,"18,586.85 ",Landscape,Amazon,,,
CC409 EFL - Earth for Life,41000054 Forest-Enduring Earth,GR012952.01 Moore Mechanisms in Brazilian Amazon--CC 409,"18,333.33 ",Landscape,Amazon,Brazil,,
CC409 EFL - Earth for Life,BEF00005 Bezos – PFP – Comms,GR010441.02 Bezos-PFP-Coordination Fund - 409,"15,000.00 ",Landscape,,,,
CC409 EFL - Earth for Life,BEF00006 Bezos – PFP – Other,GR007700.17 Enduring Earth Financial Supervision CC409,"11,892.95 ",Landscape,,,,
CC409 EFL - Earth for Life,9L082204 PFP - Colombia,GR010662.02 HeCo Colombia - CC409,"8,341.45 ",Landscape,Amazon,Colombia ,,
CC409 EFL - Earth for Life,BEF00002 Bezos – PFP – Colombia,GR010441.01 Bezos-PFP-Transition Funds - 409,1.00 ,Landscape,Amazon,Colombia ,,
CC409 EFL - Earth for Life,41000053 Earth for Life - Forest,GR010441.02 Bezos-PFP-Coordination Fund - 409,"22,485.17 ",Landscape,,,,
CC409 EFL - Earth for Life,41000054 Forest-Enduring Earth,GR013000.01 PPG Inclusive Conservation Initiative,"300,000.00 ",Landscape,,,,
CC409 EFL - Earth for Life,41000054 Forest-Enduring Earth,GR000001.03 Program Enhancements - Unrestricted,"200,000.00 ",Landscape,,,,
CC410 Forest Goal Management,PRGMCORE Program Core,GR000011.01 Uncovered Salaries and Expenses,"471,544.42 ",Private Sector ,,,,
CC410 Forest Goal Management,PRGMCORE Program Core,GR000011.01 Uncovered Salaries and Expenses,"219,476.05 ",Landscape,,,,
CC410 Forest Goal Management,PRGMCORE Program Core,GR000011.01 Uncovered Salaries and Expenses,"172,405.01 ",Resilience,,,,
CC410 Forest Goal Management,PRGMCORE Program Core,GR000011.01 Uncovered Salaries and Expenses,"95,967.69 ",Infrastructure,,,,
CC410 Forest Goal Management,41000000 Forest Goal Management,GR000011.01 Uncovered Salaries and Expenses,"73,898.64 ",Private Sector ,,,,
CC410 Forest Goal Management,41000000 Forest Goal Management,GR003947.01 FSC Certified Paper and Tissue Campain - 436,"60,500.96 ",Private Sector ,,,,
CC410 Forest Goal Management,PRGMCORE Program Core,GR000011.01 Uncovered Salaries and Expenses,"13,586.40 ",Other,,,,
CC412 Markets,US204900 Food Program Management,GR000011.01 Uncovered Salaries and Expenses,"178,728.79 ",Resilience,,,,
CC412 Markets,47000001 Private Sector Supply Chain,GR000011.01 Uncovered Salaries and Expenses,"110,798.55 ",Private Sector ,,,,
CC412 Markets,12231003 Outcome 3 - Pre-Competitive Hubs,GR012255.01 YUM DCF Strategy CC412 - 15.5%,"15,433.72 ",Private Sector ,,,,
CC412 Markets,10571002 PSL Outcome 2 - Agriculture,GR012255.01 YUM DCF Strategy CC412 - 15.5%,115.70 ,Private Sector ,,,,
CC414 Food Waste,47000031 Food Loss and Waste,GR012552.01 ReFED US Food Waste Pact - CC414,"427,130.40 ",Other,,,,
CC414 Food Waste,47000031 Food Loss and Waste,GR012002.02 Kroger Round Up - Food Loss and Waste - 414,"132,575.38 ",Other,,,,
CC414 Food Waste,47000031 Food Loss and Waste,GR013161.01 Hilton Food Loss - 414,"118,063.76 ",Other,,,,
CC414 Food Waste,47000031 Food Loss and Waste,GR000268.01 Food Waste Bucket - 414,"78,869.70 ",Other,,,,
CC414 Food Waste,47000031 Food Loss and Waste,GR012199.01 AHLA - Hotel Kitchen Refresh - CC414,"75,984.80 ",Other,,,,
CC414 Food Waste,47000031 Food Loss and Waste,GR000011.02 Restricted Coverage Identified,"63,118.46 ",Other,,,,
CC414 Food Waste,47000031 Food Loss and Waste,GR000267.04 Food Goal Bucket - Sally Mead Hands Match - 414,"50,213.12 ",Other,,,,
CC414 Food Waste,47000031 Food Loss and Waste,GR011862.01 EPA - Food Waste REO - CC414,"35,731.55 ",Other,,,,
CC414 Food Waste,47000031 Food Loss and Waste,GR003584.01 Zero Hunger- Food Waste - 414,"29,038.99 ",Other,,,,
CC414 Food Waste,47000031 Food Loss and Waste,GR0035A4.01 Wild Classroom- Food Waste Curriculum - 414,"27,315.31 ",Other,,,,
CC414 Food Waste,47000031 Food Loss and Waste,GR003467.06 Hilton Food Waste - 414,"20,961.01 ",Other,,,,
CC414 Food Waste,47000031 Food Loss and Waste,GR013206.01 Aldi - Food Loss and Waste - CC414,"17,301.87 ",Other,,,,
CC414 Food Waste,47000031 Food Loss and Waste,GR012418.01 VoLo Fdn - Food Waste Warriors 2024-2025 - CC414,"15,500.00 ",Other,,,,
CC414 Food Waste,47000031 Food Loss and Waste,GR000011.01 Uncovered Salaries and Expenses,"10,230.99 ",Other,,,,
CC414 Food Waste,47000032 Food Waste Global Initiative,GR013126.01 WRI- Global Food Waste - CC414,"71,706.29 ",Other,,,,
CC414 Food Waste,47000032 Food Waste Global Initiative,GR012863.01 Global Methane Hub - Food Waste - CC414,"44,087.00 ",Other,,,,
CC414 Food Waste,47000032 Food Waste Global Initiative,GR013189.01 Posner Fdn - FLW - FY25 - CC414,"22,000.00 ",Other,,,,
CC416 Forest and Climate Program (FCP),9Z140050 Apple NBSOP,GR011969.01 NBSOP - Implementation - Apple - 416 - 10%,"793,345.74 ",Resilience,Greater Mekong,Vietnam,,
CC416 Forest and Climate Program (FCP),9Z140053 NbSOP Climate,GR011968.02 Apple Inc - Nature-Based Solutions Origination Platform: Forest - 416,"200,000.00 ",Resilience,,,,
CC416 Forest and Climate Program (FCP),9Z140054 NbSOP Oceans,GR011967.03 Nbs Origination Platform - Ocean Blue Finance - 416,"142,727.27 ",Resilience,Greater Mekong ,,,
CC416 Forest and Climate Program (FCP),9Z140013 Forest and Climate – MRV,GR000041.01 Innovation Fund 2,"142,501.00 ",Resilience,,,,
CC416 Forest and Climate Program (FCP),9Z140052 NbSOP Forest,GR011969.01 NBSOP - Implementation - Apple - 416 - 10%,"142,115.91 ",Resilience,Greater Mekong,Vietnam,,
CC416 Forest and Climate Program (FCP),9Z140051 NbSOP General,GR011969.01 NBSOP - Implementation - Apple - 416 - 10%,"114,953.24 ",Resilience,Greater Mekong,Vietnam,,
CC416 Forest and Climate Program (FCP),43100000 Forest-based Carbon Management,GR011969.01 NBSOP - Implementation - Apple - 416 - 10%,"106,472.07 ",Resilience,,,,
CC416 Forest and Climate Program (FCP),43100000 Forest-based Carbon Management,GR000011.01 Uncovered Salaries and Expenses,"102,921.56 ",Resilience,,,,
CC416 Forest and Climate Program (FCP),43100000 Forest-based Carbon Management,GR000420.01 General Forest Bucket - 416,"100,160.61 ",Resilience,,,,
CC416 Forest and Climate Program (FCP),43100000 Forest-based Carbon Management,GR000011.02 Restricted Coverage Identified,"63,269.95 ",Resilience,,,,
CC416 Forest and Climate Program (FCP),9Z140013 Forest and Climate – MRV,GR000011.01 Uncovered Salaries and Expenses,"59,070.00 ",Resilience,,,,
CC416 Forest and Climate Program (FCP),9Z140056 NbSOP Other Goals,GR010662.05 HeCo Colombia - 416,"27,332.00 ",Resilience,Amazon,,,
CC416 Forest and Climate Program (FCP),9Z140051 NbSOP General,GR012826.01 Advancing High-integrity Landscape Approaches and Strengthening Protected Areas in the Brazilian Amazon - WMT - cc41,"19,000.00 ",Resilience,Amazon ,Brazil,,
CC416 Forest and Climate Program (FCP),9Z140051 NbSOP General,GR003596.03 Forests Science Based Targets - 416,"5,822.57 ",Resilience,,,,
CC419 Integration and Performance Unit,41900000 Network Public Sector Partnerships,GR000011.01 Uncovered Salaries and Expenses,"1,064,391.20 ",Other,,,,
CC419 Integration and Performance Unit,41900000 Network Public Sector Partnerships,GR000011.02 Restricted Coverage Identified,"137,721.57 ",Other,,,,
CC419 Integration and Performance Unit,BEF00009 Bezos – Coordination,GR010444.04 Bezos Earth Fund CCO ESSR/M&E - 419,"75,817.60 ",Other,,,,
CC419 Integration and Performance Unit,9L080301 Southern Chile Project,GR009998.01 Unfunded Other,"69,111.54 ",Other,,,,
CC422 GCF Management Unit,9L082204 PFP - Colombia,GR010662.01 HeCo Colombia - CC422,"3,709,975.00 ",Landscape,Amazon,Colombia ,,
CC422 GCF Management Unit,9Z142100 GCF Management Unit-Global Partnerships and Multilateral Engagement,GR007901.01 BFL Fee - 422,"237,646.43 ",Landscape,Eastern Himalaya,,,
CC422 GCF Management Unit,9Z142100 GCF Management Unit-Global Partnerships and Multilateral Engagement,GR011437.01 HeCo Fee,"181,887.75 ",Landscape,Amazon ,Colombia ,,
CC422 GCF Management Unit,9Z142100 GCF Management Unit-Global Partnerships and Multilateral Engagement,GR010660.01 PPF Coral Reef Rescue - Fiji,"65,000.00 ",Landscape,Indonesia and Southern Pacific Islands,,,
CC422 GCF Management Unit,9Z142100 GCF Management Unit-Global Partnerships and Multilateral Engagement,GR010678.01 Recharge Pakistan GCF - CC422,"12,153,423.00 ",Resilience,,Pakistan ,,
CC422 GCF Management Unit,9Z142100 GCF Management Unit-Global Partnerships and Multilateral Engagement,GR011438.01 Recharge Pakistan AE Fee,"527,172.57 ",Resilience,,Pakistan ,,
CC422 GCF Management Unit,9Z142100 GCF Management Unit-Global Partnerships and Multilateral Engagement,GR000038.01 Board Payout FY17-19,"476,863.79 ",Resilience,,,,
CC422 GCF Management Unit,9Z142100 GCF Management Unit-Global Partnerships and Multilateral Engagement,GR000038.01 Board Payout FY17-19,"206,877.64 ",Landscape,,,,
CC422 GCF Management Unit,9Z142100 GCF Management Unit-Global Partnerships and Multilateral Engagement,GR000038.01 Board Payout FY17-19,"99,038.50 ",Landscape,,,,
CC424 Multilateral Engagement,44300002 Multilateral Engagement,GR011054.08 Network Services - World Bank - 424,"125,122.00 ",Finance,,,,
CC425 Climate Adaptation and Resilience,8C000200 Adaptation and Resilience,GR012241.01 Google c/o Tides Fdtn - ManglarIA (AI) for Mangroves - Climate - 425,"523,474.67 ",Resilience,,,,
CC425 Climate Adaptation and Resilience,BEF00015 Bezos – Mangroves – Other,GR010442.02 Bezos Mangroves - Climate Resilience - 425,"486,662.68 ",Resilience,"SWIO, Eastern Pacific",,,
CC425 Climate Adaptation and Resilience,8C000200 Adaptation and Resilience,GR012954.02 Moore Fdn - Climate Resilience - 425 - 0%,"385,000.00 ",Resilience,,,,
CC425 Climate Adaptation and Resilience,8C000200 Adaptation and Resilience,GR012954.01 Moore Fdn - Climate Resilience - 425 - 12.5%,"319,893.56 ",Resilience,,,,
CC425 Climate Adaptation and Resilience,8C000206 Corporate Resilience Partnerships,GR000011.02 Restricted Coverage Identified,"253,403.15 ",Private Sector ,,,,
CC425 Climate Adaptation and Resilience,8C000202 Climate Risk Mgmt,GR000011.02 Restricted Coverage Identified,"221,224.26 ",Resilience,,,,
CC425 Climate Adaptation and Resilience,41800000 Environment and Disaster Management,GR000011.01 Uncovered Salaries and Expenses,"219,502.31 ",Resilience,,,,
CC425 Climate Adaptation and Resilience,41800001 International Institutions,GR000525.01 Australia Wildfires Emergency Response - 425,"143,291.83 ",Resilience,,,,
CC425 Climate Adaptation and Resilience,8C000200 Adaptation and Resilience,GR000406.01 Climate Change Adaptation & Resilience Bucket - 425,"91,186.52 ",Resilience,,,,
CC425 Climate Adaptation and Resilience,8C000206 Corporate Resilience Partnerships,GR011021.01 TCCC-Conservation Partnership Phase III - Climate Resilience - 425,"75,352.22 ",Private Sector ,,,,
CC425 Climate Adaptation and Resilience,8C000200 Adaptation and Resilience,GR000011.01 Uncovered Salaries and Expenses,"69,294.79 ",Resilience,,,,
CC425 Climate Adaptation and Resilience,8C000202 Climate Risk Mgmt,GR011191.01 BMU/OECD: Central and Southeast Asia - 425,"64,897.55 ",Resilience,,"Kazakhstan, Mongolia and Uzbekistan",,
CC425 Climate Adaptation and Resilience,8C000206 Corporate Resilience Partnerships,GR011282.01 McDonalds: Sust. Supply Chain (Kuhn) - 425,"49,531.35 ",Private Sector ,,,,
CC425 Climate Adaptation and Resilience,BEF00001 Bezos – PFP – Peru,GR010441.09 Bezos-PFP-Coordination Fund - 425,"49,416.23 ",Resilience,Amazon ,Peru,,
CC425 Climate Adaptation and Resilience,8C000202 Climate Risk Mgmt,GR010678.03 Recharge Pakistan GCF - CC425,"27,735.65 ",Resilience,,Pakistan,,
CC425 Climate Adaptation and Resilience,41800001 International Institutions,"GR000525.04 Australia Wildfires Emergency Response ""Related Activity"" - 425","27,603.04 ",Resilience,,,,
CC425 Climate Adaptation and Resilience,8C000200 Adaptation and Resilience,GR010662.04 HeCo Colombia - 425,"26,158.00 ",Resilience,Amazon ,Colombia ,,
CC425 Climate Adaptation and Resilience,8C000206 Corporate Resilience Partnerships,GR011501.01 RCG: Adaptation and Resilience - 425,"21,366.73 ",Private Sector ,,,,
CC425 Climate Adaptation and Resilience,8C000206 Corporate Resilience Partnerships,GR013205.01 Aldi — Risk Assmt and Pilot Environmental Sustainability Strategy Support - 425,"17,301.87 ",Private Sector ,,,,
CC425 Climate Adaptation and Resilience,8C000202 Climate Risk Mgmt,GR000011.01 Uncovered Salaries and Expenses,"3,500.00 ",Resilience,,,,
CC426 GEF Management Unit,9Z142902 GEF Manangement Unit,GR010617.01 Evaluations CBSL Cameroon,"44,250.00 ",Landscape,Congo ,,,
CC426 GEF Management Unit,9Z142902 GEF Manangement Unit,GR010616.02 GEF Ecuador Evaluations,"35,000.00 ",Landscape,Amazon,Ecuador,,
CC426 GEF Management Unit,9Z142902 GEF Manangement Unit,GR007700.01 Agency Fees from GEF SA007700 - 426,"1,593,969.78 ",Resilience,,,,
CC426 GEF Management Unit,9Z142902 GEF Manangement Unit,GR007700.01 Agency Fees from GEF SA007700 - 426,"1,258,338.89 ",Landscape,,,,
CC426 GEF Management Unit,9Z142902 GEF Manangement Unit,GR007700.01 Agency Fees from GEF SA007700 - 426,"309,825.79 ",Other,,,,
CC426 GEF Management Unit,9Z142902 GEF Manangement Unit,GR011054.05 Network Services - GEF - 426,"269,549.00 ",Landscape,,,,
CC426 GEF Management Unit,9Z142902 GEF Manangement Unit,GR007700.01 Agency Fees from GEF SA007700 - 426,"166,452.98 ",Private Sector ,,,,
CC426 GEF Management Unit,9Z142100 GCF Management Unit-Global Partnerships and Multilateral Engagement,GR007700.01 Agency Fees from GEF SA007700 - 426,"42,077.42 ",Finance,,,,
CC426 GEF Management Unit,9Z142902 GEF Manangement Unit,GR010623.01 Coral Reef Rescue Evaluations,"37,500.00 ",Landscape,,,,
CC426 GEF Management Unit,9Z142902 GEF Manangement Unit,GR007700.01 Agency Fees from GEF SA007700 - 426,"17,352.87 ",Finance,,,,
CC427 Corporate Renewables,41300007 Renewable Thermal Collaborative,GR010982.01 Anonymous 24025181:02 – 2030 Climate Challenge RTC - 427,"2,190,956.85 ",Private Sector ,,,,
CC427 Corporate Renewables,41300002 Climate Business Engagement,GR003262.01 CBN Partnership Fees - 427,"1,062,595.15 ",Private Sector ,,,,
CC427 Corporate Renewables,41300002 Climate Business Engagement,GR000011.02 Restricted Coverage Identified,"129,570.40 ",Private Sector ,,,,
CC427 Corporate Renewables,41300002 Climate Business Engagement,GR003503.01 3% Solution- 427,"86,580.08 ",Private Sector ,,,,
CC427 Corporate Renewables,41300007 Renewable Thermal Collaborative,GR010530.01 RTC: C2ES Cut Carbon Emissions - 427,"80,812.19 ",Private Sector ,,,,
CC427 Corporate Renewables,41300007 Renewable Thermal Collaborative,GR012974.01 CIF Decarb of the U.S. Industrial Sector - 427,"68,538.58 ",Private Sector ,,,,
CC427 Corporate Renewables,41300007 Renewable Thermal Collaborative,GR013331.01 DGA - RTC FY24-25 - 427,"43,290.04 ",Private Sector ,,,,
CC427 Corporate Renewables,41300007 Renewable Thermal Collaborative,GR011097.01 RTC Bucket - 427,"40,401.80 ",Private Sector ,,,,
CC427 Corporate Renewables,41300002 Climate Business Engagement,GR000011.01 Uncovered Salaries and Expenses,"31,519.36 ",Private Sector ,,,,
CC427 Corporate Renewables,41300007 Renewable Thermal Collaborative,GR010808.01 Proctor and Gamble: Corporate Renewables - 427,"25,515.14 ",Private Sector ,,,,
CC427 Corporate Renewables,41300007 Renewable Thermal Collaborative,GR011868.01 DGA RTC market research,"20,000.00 ",Private Sector ,,,,
CC427 Corporate Renewables,41300007 Renewable Thermal Collaborative,GR000011.02 Restricted Coverage Identified,(0.00),Private Sector ,,,,
CC427 Corporate Renewables,8C000171 Corporate Renewables,GR000011.01 Uncovered Salaries and Expenses,"15,644.41 ",Private Sector ,,,,
CC427 Corporate Renewables,8C000204 We Are Still In (WASI),GR000011.01 Uncovered Salaries and Expenses,"28,565.47 ",Other,,,,
CC428 GFTN,9Z136500 Global Forest & Trade Network (GFTN),"GR000732.01 Deforestation and forest degradation: Revisiting drivers, trends and responses” - 428 - 8.5% (inactive)","95,238.10 ",Private Sector ,,,,
CC430 ReSource Plastics,43043000 ReSource Plastics,GR011804.01 ABA Phase II PSE Plastics - 430,"1,311,717.00 ",Other,,,,
CC430 ReSource Plastics,43043000 ReSource Plastics,GR0035A9.01 ReSource Membership - 430,"527,879.75 ",Other,,,,
CC430 ReSource Plastics,43043000 ReSource Plastics,GR012130.01 Circular Solutions to Plastics Pollution Component 1 - 430,"373,584.67 ",Other,,,,
CC430 ReSource Plastics,43043000 ReSource Plastics,GR012130.03 Circular Solutions Component 3 - 430,"355,787.19 ",Other,,,,
CC430 ReSource Plastics,43043000 ReSource Plastics,GR003333.01 BFA - 430,"284,628.82 ",Other,,,,
CC430 ReSource Plastics,43900000 PSE Communications,GR011804.01 ABA Phase II PSE Plastics - 430,"203,123.27 ",Private Sector ,,,,
CC430 ReSource Plastics,43043000 ReSource Plastics,GR012130.02 Circular Solutions Component 2,"50,740.72 ",Other,,,,
CC430 ReSource Plastics,43043000 ReSource Plastics,GR012847.01 TCCF Plastic Cities Plastics - 430,"43,775.31 ",Other,,,,
CC430 ReSource Plastics,43043000 ReSource Plastics,GR012130.04 Circular Solutions PMC - 430,"27,203.62 ",Other,,,,
CC430 ReSource Plastics,43043000 ReSource Plastics,GR000011.02 Restricted Coverage Identified,"22,098.89 ",Other,,,,
CC430 ReSource Plastics,43900000 PSE Communications,GR000011.02 Restricted Coverage Identified,"19,696.10 ",Private Sector ,,,,
CC430 ReSource Plastics,43043000 ReSource Plastics,GR013209.01 Aldi Plastics - 430,"12,656.46 ",Other,,,,
CC430 ReSource Plastics,43043000 ReSource Plastics,GR012994.01 WWF Norway Secondment Plastics Advisor - 430,"8,207.87 ",Other,,,,
CC432 Policy and Government Affairs,43200000 US Government Affairs,GR000001.01 Program Unrestricted - cc000,"2,079,013.59 ",Other,,,,
CC432 Policy and Government Affairs,43043001 Plastics Policy,GR011732.01 ABA - Curbing Global Plastics Pollution Phase II - 432,"347,806.29 ",Other,,,,
CC432 Policy and Government Affairs,43000012 Federal Legislative Lobbying (Congress) – Direct Contact,GR000001.01 Program Unrestricted - cc000,"270,000.00 ",Other,,,,
CC432 Policy and Government Affairs,43200000 US Government Affairs,GR013151.01 RPA - ETF - Phasing out U.S. Fossil Fuel - 432,"70,342.60 ",Other,,,,
CC432 Policy and Government Affairs,44200033 Cost Share for Recharge Pakistan (unrestricted),GR000001.01 Program Unrestricted - cc000,"11,729.37 ",Other,,,,
CC432 Policy and Government Affairs,40300000 SAS Technical Support,GR000001.01 Program Unrestricted - cc000,"1,241,115.05 ",Other,,,,
CC433 Markets Institute,9Z139710 Market Institute,GR011623.01 Moore Codex CC433 0%,"1,257,401.28 ",Private Sector ,,,,
CC433 Markets Institute,9Z139710 Market Institute,GR011464.01 Tapestry Deforestation Conversion-Free Leather CC433 15.5%,"967,195.58 ",Private Sector ,,,,
CC433 Markets Institute,9Z139710 Market Institute,GR000011.01 Uncovered Salaries and Expenses,"192,414.09 ",Private Sector ,,,,
CC433 Markets Institute,9Z139710 Market Institute,GR011623.07 Moore CC433 12.5% interest,"182,457.41 ",Private Sector ,,,,
CC433 Markets Institute,9Z139710 Market Institute,GR000001.03 Program Enhancements - Unrestricted,"150,000.00 ",Private Sector ,,,,
CC433 Markets Institute,9Z139710 Market Institute,GR000011.02 Restricted Coverage Identified,"87,245.34 ",Private Sector ,,,,
CC433 Markets Institute,9Z139710 Market Institute,GR012193.01 WWF Switzerland Push Project - CC433 12.5%,"74,449.58 ",Private Sector ,,,,
CC433 Markets Institute,9Z139710 Market Institute,GR011623.02 Moore CODEX CC433 12.5%,"23,673.46 ",Private Sector ,,,,
CC433 Markets Institute,9Z139710 Market Institute,GR010355.01 Next California Bucket,"21,645.03 ",Private Sector ,,,,
CC433 Markets Institute,48000020 CFA Management Unit Ph 2,GR000011.02 Restricted Coverage Identified,"17,540.45 ",Private Sector ,,,,
CC433 Markets Institute,PRGMCORE Program Core,GR000011.01 Uncovered Salaries and Expenses,"1,432,888.15 ",Private Sector ,,,,
CC433 Markets Institute,PRGMCORE Program Core,GR000011.01 Uncovered Salaries and Expenses,"229,507.25 ",Other,,,,
CC433 Markets Institute,PRGMCORE Program Core,GR000011.01 Uncovered Salaries and Expenses,"44,193.59 ",Resilience,,,,
CC435 Fisheries,9Z127240 BKI-US,"GR011881.01 Leatherbacks In the Kei Islands, Indonesia-Phase 2 CC435","106,248.29 ",Landscape,Indonesia and Southern Pacific Islands,,,
CC435 Fisheries,9Z127240 BKI-US,"GR011832.01 Leatherback in the Maluku , Indonesia-Phase 2 CC435","96,343.81 ",Landscape,Indonesia and Southern Pacific Islands,,,
CC435 Fisheries,ID020203 Coastal Ecosystem Conserved Areas,GR011419.05 Sall - Chilean Seascapes - 435,"10,197.96 ",Landscape,Eastern Pacific,Chile,,
CC435 Fisheries,9S081111 Coastal Fisheries Initiative,GR007803.01 EAFM in Eastern Indonesia Project - 435,"1,500,000.00 ",Resilience,Indonesia and Southern Pacific Islands,,,
CC436 Forest Trade,9Z136800 GFTN-NA,GR003C05.01 HP - Forest Positive Collaboration and GFTN-NA Participation - 436a,"1,723,842.89 ",Private Sector ,,Brazil,,
CC436 Forest Trade,9Z136830 Forest Forward - Advise Implement - WS2,GR011345.01 HPI - Global Forests Protection - 436,"1,042,595.56 ",Private Sector ,,,,
CC436 Forest Trade,9Z136800 GFTN-NA,GR0035D1.01 HP - Forest Positive Collaboration and GFTN-NA Participation - 436b,"791,768.38 ",Private Sector ,Amazon,Brazil,,
CC436 Forest Trade,9Z136813 Jurisdictional Approaches,GR011826.01 Sylvamo — Forests Forward Participatory Phase - 436,"790,295.78 ",Private Sector ,,,,
CC436 Forest Trade,9Z136812 Forest Positive – Science,GR000011.02 Restricted Coverage Identified,"356,515.07 ",Private Sector ,,,,
CC436 Forest Trade,9Z136800 GFTN-NA,GR003118.01 NAFTN - 436,"338,825.55 ",Private Sector ,"Indonesia and Southern Pacific Islands, Greater Mekong ","Indo, Vietnam",,
CC436 Forest Trade,9Z136813 Jurisdictional Approaches,GR012250.01 Forests Science Based Targets - Phase II - 436,"281,968.38 ",Private Sector ,,,,
CC436 Forest Trade,9Z136800 GFTN-NA,GR003947.01 FSC Certified Paper and Tissue Campain - 436,"246,770.24 ",Private Sector ,,,,
CC436 Forest Trade,9Z136812 Forest Positive – Science,GR013115.01 RPA - Science-Based Targets Network - Land Characterization Factors - 436,"204,999.88 ",Private Sector ,,,,
CC436 Forest Trade,9Z136800 GFTN-NA,GR000011.01 Uncovered Salaries and Expenses,"189,170.86 ",Private Sector ,,,,
CC436 Forest Trade,9Z136800 GFTN-NA,GR003500.01 New Generations Plantations Project - 436,"158,805.19 ",Private Sector ,Greater Mekong,Vietnam,,
CC436 Forest Trade,9Z124505 Network Rubber Specialist,GR000011.01 Uncovered Salaries and Expenses,"155,225.59 ",Other,,,,
CC436 Forest Trade,9Z136812 Forest Positive – Science,GR000011.01 Uncovered Salaries and Expenses,"140,122.79 ",Private Sector ,,,,
CC436 Forest Trade,9Z136800 GFTN-NA,"GR0035F3.02 - Lowe's — Forests, Climate and People - Year 5 - 436 - (15.22%)","125,096.53 ",Private Sector ,,,,
CC436 Forest Trade,9Z136812 Forest Positive – Science,GR003C05.01 HP - Forest Positive Collaboration and GFTN-NA Participation - 436a,"119,626.88 ",Private Sector ,Amazon,Brazil,,
CC436 Forest Trade,9Z136810 HP - Forest Positive - Comms,GR003C05.01 HP - Forest Positive Collaboration and GFTN-NA Participation - 436a,"104,390.68 ",Private Sector ,Amazon,Brazil,,
CC436 Forest Trade,9Z136813 Jurisdictional Approaches,GR003596.01 Forests Science Based Targets - 436,"94,728.55 ",Private Sector ,,,,
CC436 Forest Trade,9Z136820 Forest Forward - Feasibility - WS1,GR011345.01 HPI - Global Forests Protection - 436,"69,606.40 ",Private Sector ,,,,
CC436 Forest Trade,9Z136800 GFTN-NA,GR000011.02 Restricted Coverage Identified,"52,742.69 ",Private Sector ,,,,
CC436 Forest Trade,9Z136812 Forest Positive – Science,GR0035B6.04 Advancing Sustainability in Global Supply Chains - 436,"47,200.58 ",Private Sector ,,,,
CC436 Forest Trade,9Z136800 GFTN-NA,GR013207.01 Aldi — Risk Assessment and Pilot Environmental Sustainability Strategy Support - 436,"34,127.03 ",Private Sector ,,,,
CC436 Forest Trade,9Z136812 Forest Positive – Science,GR0035D1.01 HP - Forest Positive Collaboration and GFTN-NA Participation - 436b,"34,111.12 ",Private Sector ,,,,
CC436 Forest Trade,9Z136810 HP - Forest Positive - Comms,GR0035D1.01 HP - Forest Positive Collaboration and GFTN-NA Participation - 436b,"29,786.39 ",Private Sector ,,,,
CC436 Forest Trade,9Z136800 GFTN-NA,"GR0035F3.01 Lowe's Forests, Climate, People Forests - 436","12,570.55 ",Private Sector ,,,,
CC436 Forest Trade,9Z136812 Forest Positive – Science,"GR010848.01 Walmart Stores, Inc. – Advancing Sustainability - 436","8,959.22 ",Private Sector ,,,,
CC436 Forest Trade,9Z136812 Forest Positive – Science,GR011618.01 KC — Transformational Business — 2022-2026 - 436,"4,653.46 ",Private Sector ,,,,
CC436 Forest Trade,43000012 Federal Legislative Lobbying (Congress) – Direct Contact,GR003118.01 NAFTN - 436,"3,936.48 ",Other,,,,
CC439 Corporate Relationship Management,22300000 Employee Giving,GR000011.01 Uncovered Salaries and Expenses,"183,822.77 ",Private Sector ,,,,
CC439 Corporate Relationship Management,21500001 Consumer Engagement,GR000011.01 Uncovered Salaries and Expenses,"146,931.17 ",Private Sector ,,,,
CC439 Corporate Relationship Management,21500001 Consumer Engagement,GR010528.01 RB Airwick - Grasslands Restoration - PSE RM - 439,"55,790.99 ",Private Sector ,,,,
CC439 Corporate Relationship Management,21500001 Consumer Engagement,GR011657.01 Finish Reckitt Water RGRB PSE RM - 439,"29,420.37 ",Private Sector ,,,,
CC439 Corporate Relationship Management,22300000 Employee Giving,GR000128.01 PSE Corporate Employee Engagement Bucket - 439,"17,500.00 ",Private Sector ,,,,
CC439 Corporate Relationship Management,21500001 Consumer Engagement,GR012339.01 WWF France Dior Jaguars- 439,"10,759.69 ",Private Sector ,,,,
CC439 Corporate Relationship Management,22300000 Employee Giving,GR012411.01 Deloitte conservation Focused EE PSE - 439,"3,541.12 ",Private Sector ,,,,
CC439 Corporate Relationship Management,22300000 Employee Giving,GR010654.01 Deloitte — Climate Strategy and EE RM - 439,"3,333.33 ",Private Sector ,,,,
CC439 Corporate Relationship Management,21500001 Consumer Engagement,GR012533.01 Dior — Jaguar - PSE RM - 439,"2,383.04 ",Private Sector ,,,,
CC439 Corporate Relationship Management,41300003 Business Transformation,GR000011.01 Uncovered Salaries and Expenses,"1,167,046.03 ",Private Sector ,,,,
CC439 Corporate Relationship Management,41300003 Business Transformation,GR000011.02 Restricted Coverage Identified,"524,483.45 ",Private Sector ,,,,
CC439 Corporate Relationship Management,43900000 PSE Communications,GR011347.01 HPI - Global Forests Protection - Comm - 439,"327,032.07 ",Private Sector ,,,,
CC439 Corporate Relationship Management,43900000 PSE Communications,GR000011.01 Uncovered Salaries and Expenses,"249,574.34 ",Private Sector ,,,,
CC439 Corporate Relationship Management,21500000 Corporate Philanthropy,GR000011.01 Uncovered Salaries and Expenses,"235,771.67 ",Private Sector ,,,,
CC439 Corporate Relationship Management,41300003 Business Transformation,GR011110.01 HPI - Global Forests Protection - PSE RM - CE - 439,"201,628.61 ",Private Sector ,,,,
CC439 Corporate Relationship Management,41300003 Business Transformation,GR000011.03 Institutional Commitments,"186,053.74 ",Private Sector ,,,,
CC439 Corporate Relationship Management,43900001 PSE Financial Sector,GR000011.03 Institutional Commitments,"175,536.78 ",Finance,,,,
CC439 Corporate Relationship Management,43900002 PSE Due Diligence,GR000011.03 Institutional Commitments,"153,875.00 ",Other,,,,
CC439 Corporate Relationship Management,21500000 Corporate Philanthropy,GR011970.01 Apple NbS PSE RM - 439,"113,480.55 ",Private Sector ,,,,
CC439 Corporate Relationship Management,41300003 Business Transformation,GR012242.01 Google/Tides Fdn PSE- Mangroves - CC439,"52,221.82 ",Private Sector ,,,,
CC439 Corporate Relationship Management,43900002 PSE Due Diligence,GR000011.01 Uncovered Salaries and Expenses,"51,000.00 ",Other,,,,
CC439 Corporate Relationship Management,43900000 PSE Communications,GR011103.01 TCCC — Partnership - Phase III - Comms - 439,"32,377.34 ",Private Sector ,,,,
CC439 Corporate Relationship Management,21500000 Corporate Philanthropy,GR011743.01 International Paper - SBTN PSE - CC439,"31,542.83 ",Private Sector ,,,,
CC439 Corporate Relationship Management,41300003 Business Transformation,GR013200.01 Aldi PSE RM - 439,"27,446.88 ",Private Sector ,,,,
CC439 Corporate Relationship Management,41300003 Business Transformation,GR013199.01 Aldi Bio Risk Filter PSE - 439,"26,035.89 ",Private Sector ,,,,
CC439 Corporate Relationship Management,41300003 Business Transformation,GR012827.01 Walmart — ARPA NbS-OP - 439,"24,693.39 ",Private Sector ,,,,
CC439 Corporate Relationship Management,41300006 Sustainability R&D,GR012851.01 Deloitte Risk Filter PSE- 439,"20,181.82 ",Private Sector ,,,,
CC439 Corporate Relationship Management,21500000 Corporate Philanthropy,GR011825.01 Sylvamo Forests PSE Phil RM - 439,"17,268.05 ",Private Sector ,,,,
CC439 Corporate Relationship Management,21500000 Corporate Philanthropy,GR012848.01 TCCF Plastic Smart Cities PSE RM - 439,"14,500.00 ",Private Sector ,,,,
CC439 Corporate Relationship Management,21500000 Corporate Philanthropy,GR011620.01 Kimberly Clark Trans Philanthropy RM - 439,"13,293.65 ",Private Sector ,,,,
CC439 Corporate Relationship Management,41300003 Business Transformation,GR012291.01 Walmart Landscape Monitoring PSE RM - 439,"12,856.89 ",Private Sector ,,,,
CC439 Corporate Relationship Management,41300003 Business Transformation,GR011102.01 TCCC — Partnership - Phase III - RM Transformative - 439,"11,998.92 ",Private Sector ,,,,
CC439 Corporate Relationship Management,41300003 Business Transformation,GR012691.01 Salesforce Madagascar PSE RM - 439,"8,521.56 ",Private Sector ,,,,
CC439 Corporate Relationship Management,21500000 Corporate Philanthropy,GR011655.01 Pacific Life Cetacean Bycatch PSE RM - 439,"7,938.01 ",Private Sector ,,,,
CC439 Corporate Relationship Management,21500000 Corporate Philanthropy,GR013037.01 TCCF Yucatan PSE RM - 439,"7,919.48 ",Private Sector ,,,,
CC439 Corporate Relationship Management,43900000 PSE Communications,GR012339.01 WWF France Dior Jaguars- 439,"7,368.57 ",Private Sector ,,,,
CC439 Corporate Relationship Management,41300003 Business Transformation,GR012254.01 Yum DCF CBN PSE RM - 439,"5,903.47 ",Private Sector ,,,,
CC439 Corporate Relationship Management,21500000 Corporate Philanthropy,GR011104.01 TCCC — Partnership - Phase III - Philanthropy - 439,"5,497.84 ",Private Sector ,,,,
CC439 Corporate Relationship Management,43900000 PSE Communications,GR011619.01 Kimberly Clark Trans Comms - 439,"5,050.50 ",Private Sector ,,,,
CC439 Corporate Relationship Management,21500000 Corporate Philanthropy,GR010855.01 PepsiCo — SCRA RM - 439,"5,048.71 ",Private Sector ,,,,
CC439 Corporate Relationship Management,43900000 PSE Communications,GR013232.01 Yum PSE Comms - 439,"5,000.00 ",Private Sector ,,,,
CC439 Corporate Relationship Management,41300003 Business Transformation,GR011859.01 Macys Corp Water PSE RM - 439,"4,675.32 ",Private Sector ,,,,
CC439 Corporate Relationship Management,41300003 Business Transformation,GR013137.01 IHG - CBN - PSE RM - 439,"4,329.00 ",Private Sector ,,,,
CC439 Corporate Relationship Management,41300003 Business Transformation,GR011526.01 General Mills Watershed Climate RM - 439,"3,051.95 ",Private Sector ,,,,
CC439 Corporate Relationship Management,41300003 Business Transformation,GR003415.01 P&G Partnership Management - 439,"3,000.00 ",Private Sector ,,,,
CC439 Corporate Relationship Management,43900002 PSE Due Diligence,GR011795.01 PSE Due Diligence Bucket - 439,"2,375.10 ",Other,,,,
CC439 Corporate Relationship Management,41300003 Business Transformation,GR012683.01 P and G Great Cinn Watershed MX PSE RM - 439,"2,219.11 ",Private Sector ,,,,
CC439 Corporate Relationship Management,41300003 Business Transformation,GR011091.01 P and G Amd 19 Advisory Councils - 439,"2,164.50 ",Private Sector ,,,,
CC439 Corporate Relationship Management,41300003 Business Transformation,GR013230.01 Meta Platforms - CBN - RM - 439,"2,164.50 ",Private Sector ,,,,
CC439 Corporate Relationship Management,41300003 Business Transformation,GR013241.01 CVS CBN PSE RM - 439,"2,164.50 ",Private Sector ,,,,
CC439 Corporate Relationship Management,41300003 Business Transformation,GR012200.01 AHLA PSE RM - 439,"1,010.10 ",Private Sector ,,,,
CC439 Corporate Relationship Management,21500000 Corporate Philanthropy,GR011216.01 J and J EE RM - 439,836.96 ,Private Sector ,,,,
CC439 Corporate Relationship Management,21500000 Corporate Philanthropy,GR012439.01 Pfizer Deforestation Phil PSE RM - 439,680.35 ,Private Sector ,,,,
CC439 Corporate Relationship Management,41300006 Sustainability R&D,GR000011.01 Uncovered Salaries and Expenses,"(16,181.82)",Private Sector ,,,,
CC442 Freshwater,44200041 Connected Rivers of Resilience - General,GR010662.03 HeCo Colombia CC442,"46,065.54 ",Resilience,Amazon,Colombia ,,
CC442 Freshwater,PRGMCORE Program Core,GR000011.01 Uncovered Salaries and Expenses,"269,548.75 ",Resilience,,,,
CC442 Freshwater,PRGMCORE Program Core,GR000011.01 Uncovered Salaries and Expenses,"150,702.51 ",Private Sector ,,,,
CC442 Freshwater,44200000 Freshwater Management,GR000011.01 Uncovered Salaries and Expenses,"55,255.38 ",Resilience,,,,
CC442 Freshwater,44000002 Freshwater TDP,GR000001.02 Goal Core Allocation - Unrestricted,"12,000.00 ",Resilience,,,,
CC442 Freshwater,44200020 Corporate Water Stewardship - General,GR000001.02 Goal Core Allocation - Unrestricted,"3,800.00 ",Private Sector ,,,,
CC442 Freshwater,PRGMCORE Program Core,GR000011.01 Uncovered Salaries and Expenses,"3,139.58 ",Infrastructure,,,,
CC443 Public & Private Finance,44300020 CFMI Management Unit Ph 4,GR013103.02 Moore DCF Finance Renewal CC443 12.5%,"60,135.22 ",Private Sector ,,Paraguay,,
CC443 Public & Private Finance,12189003 Awareness Raising,GR012189.03 Enabling and Scaling Up Nature-Related Financial Disclosures - UNDP - IPA CC443 Markets,"47,035.75 ",Private Sector ,,,,
CC443 Public & Private Finance,44300020 CFMI Management Unit Ph 2,GR000011.01 Uncovered Salaries and Expenses,"44,110.99 ",Private Sector ,,,,
CC443 Public & Private Finance,44300020 CFMI Management Unit Ph 5,GR013202.01 Aldi Markets CC443 15.5%,"42,503.74 ",Private Sector ,,,,
CC443 Public & Private Finance,13103001 DCF Finance Renewal Outcome 1 - Paraguay,GR013103.01 Moore DCF Finance Renewal CC443 0%,"35,000.00 ",Private Sector ,,Paraguay,,
CC443 Public & Private Finance,13103001 DCF Finance Renewal Outcome 1 - Paraguay,GR013103.02 Moore DCF Finance Renewal CC443 12.5%,"17,886.03 ",Private Sector ,,Paraguay,,
CC443 Public & Private Finance,44300020 CFMI Management Unit Ph 3,GR000011.02 Restricted Coverage Identified,"15,498.95 ",Private Sector ,,,,
CC443 Public & Private Finance,48000020 CFA Management Unit Ph 3,GR000011.02 Restricted Coverage Identified,"15,039.40 ",Private Sector ,,,,
CC443 Public & Private Finance,12189001 Technical Development,GR012189.03 Enabling and Scaling Up Nature-Related Financial Disclosures - UNDP - IPA CC443 Markets,"11,016.84 ",Private Sector ,,,,
CC443 Public & Private Finance,10519001 Private Finance Outcome 1 - Banks & DCF,GR011161.01 Moore Baselining for Financial Institutions CC443 0%,"10,000.00 ",Private Sector ,,,,
CC444 Program Management & Communications - Wildlife,PRGMCORE Program Core,GR000011.01 Uncovered Salaries and Expenses,"660,857.15 ",Landscape,,,,
CC444 Program Management & Communications - Wildlife,9F073000 Conservation Tourism,GR000011.03 Institutional Commitments,"540,790.58 ",Other,,,,
CC444 Program Management & Communications - Wildlife,PRGMCORE Program Core,GR000011.01 Uncovered Salaries and Expenses,"314,987.81 ",Resilience,,,,
CC444 Program Management & Communications - Wildlife,US087000 Pollinators & Pesticides,GR012854.01 Supporting Farmers to Move Away from Neonicotinoid Pesticides,"255,674.60 ",Other,,,,
CC444 Program Management & Communications - Wildlife,PRGMCORE Program Core,GR000011.01 Uncovered Salaries and Expenses,"102,137.30 ",Other,,,,
CC444 Program Management & Communications - Wildlife,9F204201 Wildlife Communications,GR000011.01 Uncovered Salaries and Expenses,"95,831.85 ",Landscape,,,,
CC444 Program Management & Communications - Wildlife,9F204201 Wildlife Communications,GR000925.07 Northern Great Plains Bucket - 444 15.5%,"35,769.38 ",Resilience,,,,
CC444 Program Management & Communications - Wildlife,40400000 Strategic Initiative Team General,GR000011.01 Uncovered Salaries and Expenses,"16,116.18 ",Other,,,,
CC444 Program Management & Communications - Wildlife,PRGMCORE Program Core,GR000011.01 Uncovered Salaries and Expenses,"7,274.88 ",Private Sector ,,,,
CC445 Climate Change (US Program),BEF00009 Bezos – Coordination,GR010444.01 Bezos Earth Fund Coordination/Science - 445,"125,302.59 ",Resilience,Amazon ,Peru,,
CC445 Climate Change (US Program),BEF00016 Bezos - Coordination - Comms,GR010444.01 Bezos Earth Fund Coordination/Science - 445,"12,833.68 ",Resilience,"SWIO, Eastern Pacific",,,
CC445 Climate Change (US Program),8C000170 US Climate Project,GR000011.02 Restricted Coverage Identified,"477,752.07 ",Private Sector ,,,,
CC445 Climate Change (US Program),8C000170 US Climate Project,GR000011.02 Restricted Coverage Identified,"345,420.52 ",Resilience,,,,
CC445 Climate Change (US Program),8C000170 US Climate Project,GR000011.02 Restricted Coverage Identified,"324,481.14 ",Other,,,,
CC445 Climate Change (US Program),8C000170 US Climate Project,GR000011.02 Restricted Coverage Identified,"29,007.41 ",Infrastructure,,,,
CC445 Climate Change (US Program),8C000170 US Climate Project,GR000011.02 Restricted Coverage Identified,"8,985.96 ",Finance,,,,
CC446 Climate Finance,8C000173 Climate Finance General,GR000011.01 Uncovered Salaries and Expenses,"79,229.97 ",Finance,,,,
CC446 Climate Finance,9Z140050 Apple NBSOP,GR011968.01 Apple Inc - Nature-Based Solutions Origination Platform: Climate Finance - 446,"228,886.83 ",Resilience,,,,
CC446 Climate Finance,9Z140050 Apple NBSOP,GR000011.01 Uncovered Salaries and Expenses,"19,737.01 ",Resilience,,,,
CC447 Climate Policy,8C000204 We Are Still In (WASI),GR012229.01 Bloomberg Philanthropies - AIAI 2023-2026 - 447,"2,634,016.92 ",Other,,,,
CC447 Climate Policy,8C000204 We Are Still In (WASI),GR000011.01 Uncovered Salaries and Expenses,"197,884.06 ",Other,,,,
CC447 Climate Policy,8C000204 We Are Still In (WASI),GR011170.02 Bloomberg/AIAI COP26 Support - 447,510.50 ,Other,,,,
CC448 Renewable Energy Transition,8C000174 Green Energy Transition,GR000011.01 Uncovered Salaries and Expenses,"255,760.75 ",Infrastructure,,,,
CC449 Greater Mekong,9S073602 Asian Elephants – Greater Mekong,GR000336.10 Protect Elephants - Asian Elephants Greater Mekong - 449 - 15.5%,"262,272.02 ",Landscape,Greater Mekong,,,
CC449 Greater Mekong,9S214000 Asian Greater One-Horned Rhinos,GR000011.01 Uncovered Salaries and Expenses,"14,439.99 ",Landscape,Greater Mekong,,,
CC449 Greater Mekong,VN001900 Vietnam BCA & STW Support,GR000011.03 Institutional Commitments,"10,000.00 ",Landscape,Greater Mekong,,,
CC449 Greater Mekong,VN001800 Counter Wildlife Trafficking in Vietnam,GR000001.90 Federal Award Suspension,"8,186.75 ",Landscape,Greater Mekong,,,
CC449 Greater Mekong,9S073602 Asian Elephants – Greater Mekong,GR000011.02 Restricted Coverage Identified,"6,456.95 ",Landscape,Greater Mekong,,,
CC449 Greater Mekong,9S073602 Asian Elephants – Greater Mekong,GR000011.01 Uncovered Salaries and Expenses,"5,976.02 ",Landscape,Greater Mekong,,,
CC449 Greater Mekong,9S073602 Asian Elephants – Greater Mekong,GR000336.01 Protect Elephants - 511,"3,174.76 ",Landscape,Greater Mekong,,,
CC449 Greater Mekong,9Z140266 Tigers – Thailand DTL,GR0035B1.04 Discovery Communications - Project CAT - 449 - Thailand DTL,"256,913.20 ",Landscape,,,,
CC449 Greater Mekong,9Z140265 Tigers - Greater Mekong,GR004376.04 Tiger Conflict Management - K. Bishop - 449 - 15.5%,"17,367.82 ",Landscape,Greater Mekong,,,
CC449 Greater Mekong,9Z140265 Tigers - Greater Mekong,GR000011.02 Restricted Coverage Identified,"12,612.14 ",Landscape,Greater Mekong,,,
CC450 Tigers & Big Cats,ID218300 Thirty Hills Concession,GR000011.03 Institutional Commitments,"281,500.00 ",Landscape,Indonesia and Southern Pacific Islands,,,
CC450 Tigers & Big Cats,9Z140400 Jaguar Conservation,GR012359.01 Jaguar Corridor Strategy Bucket - 450 - 15.5%,"201,228.40 ",Landscape,Amazon,,,
CC450 Tigers & Big Cats,9S008400 Tigers - Eastern Himalayas,GR000320.02 Save the Tigers in the Wild - 450,"100,000.00 ",Landscape,Eastern Himalaya,,,
CC450 Tigers & Big Cats,9Z140400 Jaguar Conservation,GR000011.01 Uncovered Salaries and Expenses,"92,426.50 ",Landscape,Amazon,,,
CC450 Tigers & Big Cats,ID218300 Thirty Hills Concession,GR000011.02 Restricted Coverage Identified,"30,071.30 ",Landscape,Indonesia and Southern Pacific Islands,,,
CC450 Tigers & Big Cats,ID218300 Thirty Hills Concession,GR000011.01 Uncovered Salaries and Expenses,"22,553.47 ",Landscape,Indonesia and Southern Pacific Islands,,,
CC450 Tigers & Big Cats,9Z140400 Jaguar Conservation,GR000011.02 Restricted Coverage Identified,"8,642.41 ",Landscape,Amazon,,,
CC450 Tigers & Big Cats,ID218300 Thirty Hills Concession,GR000431.01 Thirty Hills Bucket - 450,"7,422.66 ",Landscape,Indonesia and Southern Pacific Islands,,,
CC450 Tigers & Big Cats,9S073403 Tigers - China,GR010532.01 Ferrara Candy for Tigers - 450,"5,956.60 ",Landscape,,China,,
CC450 Tigers & Big Cats,9Z140400 Jaguar Conservation,GR012532.01 Dior — Jaguar Conservation - Wildlife - 450,"4,772.92 ",Landscape,Amazon,,,
CC450 Tigers & Big Cats,9Z140202 Tiger Program Support,GR000011.01 Uncovered Salaries and Expenses,"193,170.52 ",Landscape,,,,
CC450 Tigers & Big Cats,9Z140271 Tigers - C2C Conflict 2 Coexistence,GR004376.04 Tiger Conflict Management - K. Bishop - 449 - 15.5%,"155,027.46 ",Landscape,,,,
CC450 Tigers & Big Cats,9Z140202 Tiger Program Support,GR0035B1.02 Discovery Communications Project CAT General,"124,271.20 ",Landscape,,,,
CC450 Tigers & Big Cats,44400000 Wildlife Trade,GR000011.01 Uncovered Salaries and Expenses,"29,231.68 ",Resilience,,,,
CC450 Tigers & Big Cats,9Z140202 Tiger Program Support,GR000320.02 Save the Tigers in the Wild - 450,"28,038.70 ",Landscape,,,,
CC450 Tigers & Big Cats,9Z140202 Tiger Program Support,GR000011.02 Restricted Coverage Identified,"26,851.16 ",Landscape,,,,
CC450 Tigers & Big Cats,9Z140202 Tiger Program Support,GR010532.01 Ferrara Candy for Tigers - 450,"17,719.86 ",Landscape,,,,
CC450 Tigers & Big Cats,9S075000 Snow Leopards,GR000011.01 Uncovered Salaries and Expenses,"11,913.20 ",Landscape,,,,
CC450 Tigers & Big Cats,44400000 Wildlife Trade,GR000011.02 Restricted Coverage Identified,"10,040.44 ",Resilience,,,,
CC450 Tigers & Big Cats,9S075000 Snow Leopards,GR000310.02 Help Rescue Species in Peril - 450,"6,419.12 ",Landscape,,,,
CC450 Tigers & Big Cats,9Z140271 Tigers - C2C Conflict 2 Coexistence,GR000320.02 Save the Tigers in the Wild - 450,"5,229.02 ",Landscape,,,,
CC450 Tigers & Big Cats,9Z140265 Tigers - Greater Mekong,GR000320.02 Save the Tigers in the Wild - 450,"1,120.50 ",Landscape,Greater Mekong,,,
CC451 Wildlife Trafficking,9Z240400 Online Trafficking Coalition,GR000345.01 Match L.H. Cybercrime Coalition Project - 451,"169,891.63 ",Resilience,,,,
CC451 Wildlife Trafficking,9Z227803 Ivory Demand Reduction,GR011771.12 Bequest Protect African Elephants and Habitats - Ivory Demand Reduction - 451 - 15.5%,"126,491.17 ",Resilience,,,,
CC451 Wildlife Trafficking,9Z227800 Demand Reduction,GR011334.02 Jewish Community Fdn - Myers - Demand Reduction - 451 - 15.5%,"118,630.62 ",Resilience,,,,
CC451 Wildlife Trafficking,45100000 Wildlife Crime and Trafficking General Support,GR000046.08 Wildlife Crime Bucket - Nature Crimes Alliance - 451 - 15.5%,"106,677.87 ",Resilience,,,,
CC451 Wildlife Trafficking,9Z239900 Ivory Trafficking,GR011771.03 Bequest - Ivory Trafficking Protection of Wild African Elephants and their habitats - cc451 - 15.15%,"94,833.46 ",Resilience,,,,
CC451 Wildlife Trafficking,9Z240400 Online Trafficking Coalition,GR000046.09 Wildlife Crime Bucket - Online Coalition & Congressional Campaign - 451 - 15.5%,"79,893.75 ",Resilience,,,,
CC451 Wildlife Trafficking,9Z227900 Trafficking,GR004362.02 Glassell - X-Ray Technology - cc451 - 15.5%,"78,909.12 ",Resilience,,,,
CC451 Wildlife Trafficking,45100000 Wildlife Crime and Trafficking General Support,GR000046.04 Wildlife Crime Bucket - US Enforcement and WWF Crime Hub- 451,"69,832.85 ",Resilience,,,,
CC451 Wildlife Trafficking,9Z240400 Online Trafficking Coalition,GR004362.01 African Pangolin and Online Trafficking - 451,"57,135.02 ",Resilience,,,,
CC451 Wildlife Trafficking,9Z227900 Trafficking,GR000046.10 Wildlife Crime Bucket - Wildlife Trafficking Autodetection Tech - 451 - 15.5%,"47,543.39 ",Resilience,,,,
CC451 Wildlife Trafficking,9Z210400 Wildlife Crime Technology,GR000046.10 Wildlife Crime Bucket - Wildlife Trafficking Autodetection Tech - 451 - 15.5%,"46,400.00 ",Resilience,,,,
CC451 Wildlife Trafficking,9Z227900 Trafficking,GR000338.01 TRAFFIC Restitution - 451,"45,107.32 ",Resilience,,,,
CC451 Wildlife Trafficking,45100000 Wildlife Crime and Trafficking General Support,GR000046.07 Wildlife Crime Bucket - Private Sector Transformation - 451 - 15.5%,"33,675.31 ",Resilience,,,,
CC451 Wildlife Trafficking,45100000 Wildlife Crime and Trafficking General Support,GR004815.06 Shawman Creek - Wildlife Trade - cc451 - 0%,"32,044.36 ",Resilience,,,,
CC451 Wildlife Trafficking,9Z227800 Demand Reduction,GR000046.12 Wildlife Crime Bucket - Demand Reduction Campaign Support - 451,"27,563.90 ",Resilience,,,,
CC451 Wildlife Trafficking,45100000 Wildlife Crime and Trafficking General Support,GR004807.01 Hendrickson Trust Restricted Gift for TRAFFIC - 451,"22,158.77 ",Resilience,,,,
CC451 Wildlife Trafficking,9Z227900 Trafficking,GR000046.11 Wildlife Crime Bucket - Exotic Pets - 451 - 15.5%,"15,000.00 ",Resilience,,,,
CC451 Wildlife Trafficking,9Z210400 Wildlife Crime Technology,GR000341.01 Wildlife Trend - 451,"14,683.48 ",Resilience,,,,
CC451 Wildlife Trafficking,45100000 Wildlife Crime and Trafficking General Support,GR000046.11 Wildlife Crime Bucket - Exotic Pets - 451 - 15.5%,"14,200.92 ",Resilience,,,,
CC451 Wildlife Trafficking,9Z240000 Sniffer Dogs,GR000046.10 Wildlife Crime Bucket - Wildlife Trafficking Autodetection Tech - 451 - 15.5%,"9,000.00 ",Resilience,,,,
CC451 Wildlife Trafficking,45100000 Wildlife Crime and Trafficking General Support,GR000331.01 Wildlife Trade - 451,"8,916.96 ",Resilience,,,,
CC451 Wildlife Trafficking,9Z210400 Wildlife Crime Technology,GR000046.04 Wildlife Crime Bucket - US Enforcement and WWF Crime Hub- 451,"6,500.00 ",Resilience,,,,
CC451 Wildlife Trafficking,45100000 Wildlife Crime and Trafficking General Support,GR000345.01 Match L.H. Cybercrime Coalition Project - 451,"6,120.07 ",Resilience,,,,
CC451 Wildlife Trafficking,9Z239800 Tiger Trafficking,GR000320.01 Online Tiger Trafficking - 451,"4,282.40 ",Resilience,,,,
CC451 Wildlife Trafficking,45100000 Wildlife Crime and Trafficking General Support,GR000328.01 Traffic General Support - 451,"2,164.49 ",Resilience,,,,
CC452 People and Conservation,9Z138500 CARE Partnership,GR004950.15 Ubbens - CARE - 452,"248,153.16 ",Resilience,,Kenya,,
CC452 People and Conservation,9Z138500 CARE Partnership,GR000011.01 Uncovered Salaries and Expenses,"150,940.46 ",Resilience,,Kenya,,
CC453 Conservation Finance,45300000 Sustainable Finance,GR000011.02 Restricted Coverage Identified,"624,950.79 ",Finance,,,,
CC453 Conservation Finance,45300000 Sustainable Finance,GR000011.01 Uncovered Salaries and Expenses,"55,000.00 ",Finance,,,,
CC461 Science and Innovation,9Z130820 Fuller Fund - Program Management,GR000011.02 Restricted Coverage Identified,"144,697.43 ",Other,,,,
CC461 Science and Innovation,9Z130820 Fuller Fund - Program Management,GR000011.01 Uncovered Salaries and Expenses,"99,710.25 ",Other,,,,
CC461 Science and Innovation,9Z130820 Fuller Fund - Program Management,GR004871.01 Fuller TRUST - 461,"99,591.42 ",Other,,,,
CC461 Science and Innovation,9Z130823 Fuller Fund - Symposium,GR000011.02 Restricted Coverage Identified,"43,290.00 ",Other,,,,
CC461 Science and Innovation,9Z130824 Fuller Fund - Seminars,GR000011.01 Uncovered Salaries and Expenses,"10,000.00 ",Other,,,,
CC461 Science and Innovation,9Z130824 Fuller Fund - Seminars,GR004871.01 Fuller TRUST - 461,"8,706.00 ",Other,,,,
CC461 Science and Innovation,9Z130800 Science General-Science,GR000011.01 Uncovered Salaries and Expenses,"666,418.88 ",Other,,,,
CC461 Science and Innovation,9Z130814 Global Science Lead for Data Analytics and Technology,GR000011.01 Uncovered Salaries and Expenses,"512,743.20 ",Other,,,,
CC461 Science and Innovation,9Z130802 Science General - SVP,GR000011.01 Uncovered Salaries and Expenses,"484,816.72 ",Other,,,,
CC461 Science and Innovation,BEF00009 Bezos – Coordination,GR010444.03 Bezos Earth Fund Science - 461,"258,680.06 ",Other,,,,
CC461 Science and Innovation,9Z133900 Global Library,GR000011.02 Restricted Coverage Identified,"210,000.00 ",Other,,,,
CC461 Science and Innovation,9Z130812 Global Science Lead for Conservation Evidence,GR000011.01 Uncovered Salaries and Expenses,"182,338.48 ",Other,,,,
CC461 Science and Innovation,9Z130812 Global Science Lead for Conservation Evidence,GR011767.01 MACP Design for People and Nature - 461 15%,"157,981.75 ",Other,,,,
CC461 Science and Innovation,9Z130814 Global Science Lead for Data Analytics and Technology,GR000011.02 Restricted Coverage Identified,"150,532.10 ",Other,,,,
CC461 Science and Innovation,9Z130800 Science General-Science,GR000011.02 Restricted Coverage Identified,"76,347.08 ",Other,,,,
CC461 Science and Innovation,9Z130701 Natural Capital - Science,GR000011.01 Uncovered Salaries and Expenses,"53,099.64 ",Other,,,,
CC461 Science and Innovation,9Z130701 Natural Capital - Science,GR000011.02 Restricted Coverage Identified,"51,840.09 ",Other,,,,
CC461 Science and Innovation,9Z130810 Conservation Dashboard,GR000011.01 Uncovered Salaries and Expenses,"30,000.00 ",Other,,,,
CC461 Science and Innovation,9Z130701 Natural Capital - Science,GR000210.01 Nat Cap Conservation Science - 461,"1,731.60 ",Other,,,,
CC465 EFN - Education For Nature,9Z132500 EFN General,GR000165.01 EFN Endowment Payout - 465,"818,998.18 ",Other,,,,
CC465 EFN - Education For Nature,9Z132700 Scholarship & Fellowships,GR012022.01 Trudy Fellows Education for Nature Program - CC465,"752,410.00 ",Other,,,,
CC465 EFN - Education For Nature,9Z132700 Scholarship & Fellowships,GR000165.01 EFN Endowment Payout - 465,"618,812.47 ",Other,,,,
CC465 EFN - Education For Nature,9Z132700 Scholarship & Fellowships,GR012653.01 World Bank - Funding of the Fonseca Leadership Program - CC465,"261,085.24 ",Other,,,,
CC465 EFN - Education For Nature,9Z132805 EFN Conservation Workshop Grants,GR003304.01 Education for Nature: Tropical Forest Restoration and Reforestation 2015-2016 - 465,"58,606.91 ",Other,,,,
CC465 EFN - Education For Nature,9Z133100 EFN Alumni Program,GR000153.01 EFN Operating Fund - 465,"55,650.47 ",Other,,,,
CC465 EFN - Education For Nature,9Z132500 EFN General,GR000153.01 EFN Operating Fund - 465,"53,000.00 ",Other,,,,
CC465 EFN - Education For Nature,9Z132500 EFN General,GR010974.01 Bingham EFN/ESSF Capacity Building - 465,"45,000.00 ",Other,,,,
CC465 EFN - Education For Nature,9Z132700 Scholarship & Fellowships,GR004375.01 WWF Train Fellowship at MSU - 465,"44,864.04 ",Other,,,,
CC465 EFN - Education For Nature,9Z132700 Scholarship & Fellowships,GR010460.01 Caroline Goldman Cassagnol Fellows Endowment - 465,"29,423.39 ",Other,,,,
CC465 EFN - Education For Nature,9Z132700 Scholarship & Fellowships,GR004256.01 $2.5 million matching gift for EFN/Train Legacy - 465,"28,452.06 ",Other,,,,
CC465 EFN - Education For Nature,9Z132805 EFN Conservation Workshop Grants,GR012865.01 EFN-Tropical Forest Reforestation and Restoration - CC465,"26,742.29 ",Other,,,,
CC465 EFN - Education For Nature,9Z132700 Scholarship & Fellowships,GR004383.01 Lincoln University Mingma Sherpa Memorial Scholarships - 465,"22,164.51 ",Other,,,,
CC465 EFN - Education For Nature,9Z133100 EFN Alumni Program,GR004815.03 Shaman Creek payout - annual - 465,"21,997.50 ",Other,,,,
CC465 EFN - Education For Nature,9Z132700 Scholarship & Fellowships,GR000160.01 Train Legacy Fund - 465,"21,278.47 ",Other,,,,
CC465 EFN - Education For Nature,9Z132500 EFN General,GR012653.01 World Bank - Funding of the Fonseca Leadership Program - CC465,"21,000.00 ",Other,,,,
CC465 EFN - Education For Nature,9Z133100 EFN Alumni Program,GR004891.01 Kenneth Jay Suid & David Brannon Memorial Fund - 465,"18,566.51 ",Other,,,,
CC468 Global Science Leadership,9Z130806 Global Science Lead for Biodiversity,GR000011.02 Restricted Coverage Identified,"542,378.98 ",Other,,,,
CC468 Global Science Leadership,9Z130804 Global Science Lead for Freshwater,GR000011.01 Uncovered Salaries and Expenses,"157,592.72 ",Other,,,,
CC468 Global Science Leadership,9Z130805 Global Science Lead for Oceans,GR000011.02 Restricted Coverage Identified,"154,750.00 ",Other,,,,
CC468 Global Science Leadership,9Z130807 Global Science Lead for Climate,GR000011.02 Restricted Coverage Identified,"150,567.14 ",Other,,,,
CC468 Global Science Leadership,9Z130804 Global Science Lead for Freshwater,GR000011.02 Restricted Coverage Identified,"149,349.93 ",Other,,,,
CC468 Global Science Leadership,9Z130808 Global Science Lead for Forests,GR000011.02 Restricted Coverage Identified,"149,294.40 ",Other,,,,
CC468 Global Science Leadership,9Z130809 Global Science Lead for Food,GR000011.02 Restricted Coverage Identified,"148,760.53 ",Other,,,,
CC468 Global Science Leadership,9Z130808 Global Science Lead for Forests,GR000011.01 Uncovered Salaries and Expenses,"138,012.18 ",Other,,,,
CC468 Global Science Leadership,9Z130809 Global Science Lead for Food,GR000011.01 Uncovered Salaries and Expenses,"130,386.47 ",Other,,,,
CC468 Global Science Leadership,9Z130805 Global Science Lead for Oceans,GR000011.01 Uncovered Salaries and Expenses,"129,750.00 ",Other,,,,
CC468 Global Science Leadership,9Z130807 Global Science Lead for Climate,GR000011.01 Uncovered Salaries and Expenses,"102,146.52 ",Other,,,,
CC468 Global Science Leadership,9Z130800 Science General-Science,GR000011.02 Restricted Coverage Identified,"50,709.31 ",Other,,,,
CC468 Global Science Leadership,9Z130805 Global Science Lead for Oceans,GR012261.01 Blue Nature Alliance CI Social Equity Metrics Project - 468,"50,696.47 ",Other,,,,
CC468 Global Science Leadership,9Z130802 Science General - SVP,GR000011.02 Restricted Coverage Identified,"45,439.33 ",Other,,,,
CC468 Global Science Leadership,9Z130806 Global Science Lead for Biodiversity,GR000011.01 Uncovered Salaries and Expenses,"43,819.16 ",Other,,,,
CC468 Global Science Leadership,BEF00009 Bezos – Coordination,GR010444.05 Bezos Earth Fund Science Leads - 468,"40,494.30 ",Other,,,,
CC468 Global Science Leadership,9Z130814 Global Science Lead for Data Analytics and Technology,GR000011.02 Restricted Coverage Identified,"31,734.38 ",Other,,,,
CC468 Global Science Leadership,9Z130812 Global Science Lead for Conservation Evidence,GR000011.02 Restricted Coverage Identified,"20,724.20 ",Other,,,,
CC468 Global Science Leadership,9Z130807 Global Science Lead for Climate,GR000038.01 Board Payout FY17-19,"15,824.60 ",Other,,,,
CC468 Global Science Leadership,9Z130806 Global Science Lead for Biodiversity,GR000038.01 Board Payout FY17-19,"15,817.92 ",Other,,,,
CC468 Global Science Leadership,9Z130804 Global Science Lead for Freshwater,GR000038.01 Board Payout FY17-19,"15,674.15 ",Other,,,,
CC468 Global Science Leadership,9Z130808 Global Science Lead for Forests,GR000038.01 Board Payout FY17-19,"15,667.12 ",Other,,,,
CC470 General Food,US087000 Pollinators & Pesticides,GR012854.02 Grantham- Neonicotinoid Pesticides - 470,"99,151.80 ",Other,,,,
CC470 General Food,47000001 Private Sector Supply Chain,GR012877.01 TBI - Marginal Lands - cc470,"92,690.17 ",Private Sector ,,,,
CC470 General Food,US204900 Food Program Management,GR012877.01 TBI - Marginal Lands - cc470,"79,103.35 ",Resilience,,,,
CC473 Blue Finance,9L080310 Oceans Markets,GR013006.01 Walton - Seafood Investor Traceability Engagement CC473,"480,197.86 ",Finance,,,,
CC473 Blue Finance,9L080310 Oceans Markets,GR000011.01 Uncovered Salaries and Expenses,"275,303.99 ",Finance,,,,
CC473 Blue Finance,9L080309 Seafood Markets,GR003514.09 Seafood Markets Support for Blue Finance CC473,"45,000.00 ",Finance,,,,
CC473 Blue Finance,9L080309 Seafood Markets,GR000011.01 Uncovered Salaries and Expenses,"37,292.69 ",Finance,,,,
CC473 Blue Finance,9L080310 Oceans Markets,GR000011.02 Restricted Coverage Identified,"31,928.66 ",Finance,,,,
CC473 Blue Finance,9L080310 Oceans Markets,GR003514.09 Seafood Markets Support for Blue Finance CC473,"20,000.00 ",Finance,,,,
CC473 Blue Finance,9L080309 Seafood Markets,GR000011.02 Restricted Coverage Identified,"7,458.54 ",Finance,,,,
CC474 Oceans Markets,ID020203 Coastal Ecosystem Conserved Areas,GR012189.02 Enabling and Scaling Up Nature-Related Financial Disclosures - UNDP - IPA- CC474 Ocean,"3,711.07 ",Landscape,,,,
CC474 Oceans Markets,9L080310 Oceans Markets,GR000011.01 Uncovered Salaries and Expenses,"163,305.89 ",Private Sector ,,,,
CC474 Oceans Markets,9Z127808 Arctic shipping,GR000011.01 Uncovered Salaries and Expenses,"103,033.87 ",Other,Arctic ,,,
CC474 Oceans Markets,9L080310 Oceans Markets,GR011506.01 Royal Caribbean Global Oceans Conservation - Phase II - 474,"46,875.25 ",Private Sector ,,,,
CC474 Oceans Markets,9L080310 Oceans Markets,GR012773.01 Mary Diorio - Offshore Wind CC474,"33,000.00 ",Infrastructure,,,,
CC474 Oceans Markets,12189003 Awareness Raising,GR012189.02 Enabling and Scaling Up Nature-Related Financial Disclosures - UNDP - IPA- CC474 Ocean,"30,883.69 ",Private Sector ,,,,
CC474 Oceans Markets,9Z127808 Arctic shipping,GR000011.02 Restricted Coverage Identified,"14,021.84 ",Other,Arctic ,,,
CC474 Oceans Markets,9L080310 Oceans Markets,GR012189.02 Enabling and Scaling Up Nature-Related Financial Disclosures - UNDP - IPA- CC474 Ocean,"13,000.00 ",Private Sector ,,,,
CC475 F&F Transformation,47000001 Private Sector Supply Chain,GR013365.01 Chobani Commodity Prioritization Assessment 2.0 CC475 15.5%,"18,000.16 ",Private Sector ,,,,
CC475 F&F Transformation,47000001 Private Sector Supply Chain,GR013201.01 Aldi AgSupply Chain CC475 15.5%,"11,656.96 ",Private Sector ,,,,
CC475 F&F Transformation,47000001 Private Sector Supply Chain,GR012253.03 YUM - LUCI Workstream - CC475,"3,574.50 ",Private Sector ,,,,
CC480 CMI,48000020 CFA Management Unit Ph 6,GR012231.02 Moore CMI 2.0 CC480 12.5%,"696,787.89 ",Private Sector ,,,,
CC480 CMI,48000020 CFA Management Unit Ph 4,GR000011.01 Uncovered Salaries and Expenses,"506,598.02 ",Private Sector ,,,,
CC480 CMI,48000020 CFA Management Unit Ph 7,GR012294.02 Moore - Cross Cutting CC480 12.5%,"257,582.84 ",Private Sector ,,,,
CC480 CMI,12294001 Outcome 1 - Carbon in supply chain,GR012294.01 Moore - Cross Cutting CC480 0%,"245,000.00 ",Private Sector ,,,,
CC480 CMI,12231002 Outcome 2 - Leather,GR012231.01 Moore CMI 2.0 CC480 0%,"198,710.00 ",Private Sector ,,,,
CC480 CMI,12231003 Outcome 3 - Pre-Competitive Hubs,GR012231.01 Moore CMI 2.0 CC480 0%,"110,000.00 ",Private Sector ,,,,
CC480 CMI,12294002 Outcome 2 - 1% Levy Environmental Services,GR012294.02 Moore - Cross Cutting CC480 12.5%,"42,896.40 ",Private Sector ,,,,
CC480 CMI,12231003 Outcome 3 - Pre-Competitive Hubs,GR012231.02 Moore CMI 2.0 CC480 12.5%,"31,000.00 ",Private Sector ,,,,
CC480 CMI,12231002 Outcome 2 - Leather,GR012231.02 Moore CMI 2.0 CC480 12.5%,"27,825.55 ",Private Sector ,,,,
CC480 CMI,12294001 Outcome 1 - Carbon in supply chain,GR012294.02 Moore - Cross Cutting CC480 12.5%,"24,000.00 ",Private Sector ,,,,
CC480 CMI,12231001 Outcome 1 - Soy,GR012231.02 Moore CMI 2.0 CC480 12.5%,"10,500.00 ",Private Sector ,,,,
CC480 CMI,48000020 CFA Management Unit Ph 5,GR000011.02 Restricted Coverage Identified,"6,482.74 ",Private Sector ,,,,
CC482 Aquaculture,9Z127620 Seaweed Aquaculture,GR012855.01 Grantham - Seaweed Strain Selection - CC482,"847,134.38 ",Private Sector ,,,,
CC482 Aquaculture,9Z127620 Seaweed Aquaculture,GR012560.01 TBI - Accelerating Maine Seaweed and Shellfish - CC482,"460,327.57 ",Private Sector ,,,,
CC482 Aquaculture,48000416 Seaweed Gates - Africa,GR012757.01 Gates Fdn - Seaweed as Feed - CC482,"398,000.00 ",Private Sector ,,,,
CC482 Aquaculture,9Z127620 Seaweed Aquaculture,GR012757.01 Gates Fdn - Seaweed as Feed - CC482,"130,811.81 ",Private Sector ,,,,
CC482 Aquaculture,9Z235700 OSMI - Food,GR012678.01 Moore Fdn - STF- C-Free Shrimp Off Ramp- 12.5% - CC482,"107,904.37 ",Private Sector ,,,,
CC482 Aquaculture,48000413 Seaweed - Social Science,GR012560.01 TBI - Accelerating Maine Seaweed and Shellfish - CC482,"55,058.84 ",Private Sector ,,,,
CC482 Aquaculture,47000001 Private Sector Supply Chain,GR012757.01 Gates Fdn - Seaweed as Feed - CC482,"39,817.23 ",Private Sector ,,,,
CC482 Aquaculture,9Z235700 OSMI - Food,GR000011.01 Uncovered Salaries and Expenses,"35,398.31 ",Private Sector ,,,,
CC482 Aquaculture,48000415 Seaweed Gates - India,GR012757.01 Gates Fdn - Seaweed as Feed - CC482,"32,296.00 ",Private Sector ,,,,
CC482 Aquaculture,9Z127620 Seaweed Aquaculture,GR004386.01 Grantham Advancing Seaweed for Climate Change - 482,"29,523.00 ",Private Sector ,,,,
CC482 Aquaculture,GT300120 Sustainable Aquaculture,GR000011.01 Uncovered Salaries and Expenses,"21,641.16 ",Private Sector ,,,,
CC482 Aquaculture,9Z235700 OSMI - Food,GR012678.03 Moore Fdn - Off Ramp Shrimp INTEREST ONLY- CC482,"5,900.59 ",Private Sector ,,,,
CC483 Beef,47000001 Private Sector Supply Chain,GR012272.01 USDA Traceable Beef for Climate and Conservation - 483,"371,539.42 ",Private Sector ,,,,
CC483 Beef,47000001 Private Sector Supply Chain,GR000011.01 Uncovered Salaries and Expenses,"117,960.21 ",Private Sector ,,,,
CC485 Seafood Markets,9L080309 Seafood Markets,GR011419.04 Sall - Chilean Seascapes - 485,"55,217.49 ",Landscape,Eastern Pacific ,Chile,,
CC485 Seafood Markets,9Z127211 Vietnam Yellowfin Tuna,GR000011.02 Restricted Coverage Identified,"17,581.50 ",Resilience,,,,
CC485 Seafood Markets,9L080309 Seafood Markets,GR000011.01 Uncovered Salaries and Expenses,"466,967.96 ",Private Sector ,,,,
CC485 Seafood Markets,9L080309 Seafood Markets,GR010768.01 Mars Seafood Sourcing - 485,"170,000.00 ",Private Sector ,,,,
CC485 Seafood Markets,9L080309 Seafood Markets,GR003528.02 Sustainability in Seafood Supply Chain (2016-2020) - 485,"135,227.49 ",Private Sector ,,,,
CC485 Seafood Markets,9L080309 Seafood Markets,GR003289.02 Sustainable Seafood 2016-2020 - 485,"85,100.00 ",Private Sector ,,,,
CC485 Seafood Markets,9L080309 Seafood Markets,GR003464.03 Hilton Seafood (Year 1 of 3) - 485,"57,652.15 ",Private Sector ,,,,
CC485 Seafood Markets,9L080309 Seafood Markets,GR003474.03 Costco Seafood - 485,"50,000.00 ",Private Sector ,,,,
CC485 Seafood Markets,9L080309 Seafood Markets,GR000011.02 Restricted Coverage Identified,"47,406.63 ",Private Sector ,,,,
CC490 TNRC Targeting Natural Resource Corruption,9Z229000 Targeting Natural Resource Corruption-Wildlife2,"GR013087.01 Transparency International Co-Coordinator, CECCP Forum-CC490","46,310.83 ",Resilience,,,,
CC495 F&F Transformation (FW),44200070 Pantanal,GR000011.01 Uncovered Salaries and Expenses,"18,446.40 ",Resilience,,,,
CC495 F&F Transformation (FW),44200020 Corporate Water Stewardship - General,GR000011.02 Restricted Coverage Identified,"241,586.52 ",Private Sector ,,,,
CC495 F&F Transformation (FW),44200020 Corporate Water Stewardship - General,GR000011.01 Uncovered Salaries and Expenses,"163,437.19 ",Private Sector ,,,,
CC495 F&F Transformation (FW),44200020 Corporate Water Stewardship - General,GR012828.01 Inditex/WWF INT - Coordination – Inditex Transformational Partnership - Payal L. CC495,"58,272.89 ",Private Sector ,,,,
CC495 F&F Transformation (FW),44200020 Corporate Water Stewardship - General,GR011105.02 TCCC-Global Partnership - CC 495,"54,420.70 ",Private Sector ,,,,
CC495 F&F Transformation (FW),44200020 Corporate Water Stewardship - General,GR013208.01 Risk Assessment and Pilot Environmental Sustainability Strategy Support - ALDI - cc495 - 15.5%,"39,275.86 ",Private Sector ,,,,
CC495 F&F Transformation (FW),44200020 Corporate Water Stewardship - General,GR013157.01 McDonald — Sustainability in the Supply Chain and Business Operations - Freshwater - CWS - cc495 - 15.5%,"35,000.00 ",Private Sector ,,,,
CC495 F&F Transformation (FW),44200020 Corporate Water Stewardship - General,GR011656.01 Finish Brand - Journey of Water in RGRB,"7,437.15 ",Private Sector ,,,,
CC496 Freshwater Science,44200041 Connected Rivers of Resilience - General,GR011424.03 GEF Sustainable Luangwa - CC496,"1,039,428.52 ",Resilience,Southern Africa,,,
CC496 Freshwater Science,44200041 Connected Rivers of Resilience - General,GR000011.01 Uncovered Salaries and Expenses,"454,136.51 ",Resilience,Southern Africa,,,
CC496 Freshwater Science,44200041 Connected Rivers of Resilience - General,GR000011.02 Restricted Coverage Identified,"48,750.11 ",Resilience,Southern Africa,,,
CC496 Freshwater Science,44200020 Corporate Water Stewardship - General,GR012972.01 Walton Family Fdtn - Phase II - CC496 - 15%,"412,196.96 ",Private Sector ,,,,
CC496 Freshwater Science,44200020 Corporate Water Stewardship - General,GR012972.02 Walton Family Fdtn - Phase II - CC496 - 0%,"170,000.00 ",Private Sector ,,,,
CC496 Freshwater Science,44200020 Corporate Water Stewardship - General,GR000011.01 Uncovered Salaries and Expenses,"90,941.84 ",Private Sector ,,,,
CC496 Freshwater Science,44200020 Corporate Water Stewardship - General,GR000011.02 Restricted Coverage Identified,"16,272.24 ",Private Sector ,,,,
CC497 Freshwater Rivers,44200041 Connected Rivers of Resilience - General,GR013239.01 TCCF - Aqua Revival in Portugal - CC497,"9,189.84 ",Resilience,,Portugal,,
CC497 Freshwater Rivers,44200041 Connected Rivers of Resilience - General,GR012052.01 TCCF - Recharge Pakistan - CC497,"700,000.00 ",Resilience,,Pakistan,,
CC497 Freshwater Rivers,44200041 Connected Rivers of Resilience - General,GR010678.02 Recharge Pakistan GCF - CC497,"150,359.75 ",Resilience,,Pakistan,,
CC497 Freshwater Rivers,44200020 Corporate Water Stewardship - General,GR013239.01 TCCF - Aqua Revival in Portugal - CC497,"5,547.93 ",Private Sector ,,,,
CC498 Governance & Finance,44200070 Pantanal,GR000011.01 Uncovered Salaries and Expenses,"224,847.70 ",Resilience,,,,
CC498 Governance & Finance,44200060 Restoring the Rio Grande/Rio Bravo,GR012334.01 USBR - Water Management in RGRB - cc498,"152,526.09 ",Resilience,Great Plains ,,,
CC498 Governance & Finance,44200060 Restoring the Rio Grande/Rio Bravo,GR000011.01 Uncovered Salaries and Expenses,"94,516.92 ",Resilience,Great Plains ,,,
CC498 Governance & Finance,44200061 Cost Share for USBR Project,GR000011.01 Uncovered Salaries and Expenses,"24,095.73 ",Resilience,Great Plains ,,,
CC498 Governance & Finance,44200070 Pantanal,GR000011.02 Restricted Coverage Identified,"7,554.35 ",Resilience,,,,
CC498 Governance & Finance,44200060 Restoring the Rio Grande/Rio Bravo,GR000011.02 Restricted Coverage Identified,"3,245.22 ",Resilience,Great Plains ,,,
CC498 Governance & Finance,44200071 Transboundary Governance & Sustainable Finance - General,GR000011.01 Uncovered Salaries and Expenses,"27,714.87 ",Infrastructure,,,,
CC498 Governance & Finance,44200020 Corporate Water Stewardship - General,GR012334.01 USBR - Water Management in RGRB - cc498,"32,147.92 ",Private Sector ,,,,
CC505 Oceans Core,BEF00004 Bezos – PFP – Belize,GR000011.02 Restricted Coverage Identified,"45,034.91 ",Landscape,,Belize ,,
CC505 Oceans Core,PRGMCORE Program Core,GR000001.02 Goal Core Allocation - Unrestricted,"625,660.84 ",Resilience,,,,
CC505 Oceans Core,PRGMCORE Program Core,GR000001.02 Goal Core Allocation - Unrestricted,"322,087.12 ",Landscape,,,,
CC505 Oceans Core,PRGMCORE Program Core,GR000001.02 Goal Core Allocation - Unrestricted,"106,949.18 ",Private Sector ,,,,
CC505 Oceans Core,PRGMCORE Program Core,GR000001.02 Goal Core Allocation - Unrestricted,"75,594.95 ",Finance,,,,
CC505 Oceans Core,PRGMCORE Program Core,GR000001.02 Goal Core Allocation - Unrestricted,"43,855.81 ",Other,,,,
CC505 Oceans Core,PRGMCORE Program Core,GR011517.01 RCCL Ph 2 - Philanthropy - 505,"6,379.01 ",Other,,,,
CC505 Oceans Core,9L080309 Seafood Markets,GR000011.02 Restricted Coverage Identified,"2,883.30 ",Private Sector ,,,,
CC505 Oceans Core,PRGMCORE Program Core,GR000001.02 Goal Core Allocation - Unrestricted,"2,780.52 ",Infrastructure,,,,
CC506 Oceans Science,ID020203 Coastal Ecosystem Conserved Areas,GR000011.01 Uncovered Salaries and Expenses,"728,131.13 ",Landscape,,,,
CC506 Oceans Science,51300001 Seascapes,GR000011.01 Uncovered Salaries and Expenses,"160,177.13 ",Landscape,"Eastern Pacific,SW Pacific + Indonesia, SWIO",,,
CC506 Oceans Science,51300001 Seascapes,GR000011.02 Restricted Coverage Identified,"138,562.64 ",Landscape,"Eastern Pacific,SW Pacific + Indonesia, SWIO",,,
CC506 Oceans Science,ID020203 Coastal Ecosystem Conserved Areas,GR000011.02 Restricted Coverage Identified,"138,547.23 ",Landscape,,,,
CC506 Oceans Science,ID020203 Coastal Ecosystem Conserved Areas,GR011419.01 Sall - Chilean Seascapes - 506,"68,575.53 ",Landscape,Eastern Pacific,Chile,,
CC506 Oceans Science,51300001 Seascapes,GR011419.01 Sall - Chilean Seascapes - 506,"26,498.06 ",Landscape,Eastern Pacific,Chile,,
CC506 Oceans Science,ID020203 Coastal Ecosystem Conserved Areas,GR012909.01 GoNaturePositive - 506,"17,204.95 ",Landscape,,,,
CC506 Oceans Science,ID020203 Coastal Ecosystem Conserved Areas,GR012362.02 Climate and Blue Foods Security CC506,"11,399.72 ",Landscape,,,,
CC506 Oceans Science,41200001 Program Operations,GR011419.01 Sall - Chilean Seascapes - 506,"5,620.58 ",Landscape,Eastern Pacific,Chile,,
CC506 Oceans Science,ID020203 Coastal Ecosystem Conserved Areas,GR010623.02 Coral Reef Rescue,"2,800,000.00 ",Resilience,Indonesia and Southern Pacific Islands,,,
CC507 Arctic,US204800 Arctic Policy,GR000011.01 Uncovered Salaries and Expenses,"190,185.36 ",Other,Arctic ,,,
CC507 Arctic,9Z127800 Arctic Program Management,GR000011.01 Uncovered Salaries and Expenses,"656,468.34 ",Landscape,Arctic ,,,
CC507 Arctic,9Z127800 Arctic Program Management,GR011654.01 Pacific Life - Wildlife Safety in Shipping in the Bering Strait - 507,"39,105.00 ",Landscape,Arctic ,,,
CC507 Arctic,9Z127850 Arctic Area-Based Conservation,GR011517.03 RCCL Ph 2 - Philanthropy - 507 - 15.5%,"34,740.26 ",Landscape,Arctic ,,,
CC507 Arctic,9Z127840 Polar Bear Project,GR000011.01 Uncovered Salaries and Expenses,"25,457.85 ",Landscape,Arctic ,,,
CC507 Arctic,9Z127800 Arctic Program Management,GR000001.01 Program Unrestricted - cc000,"213,080.42 ",Other,Arctic ,,,
CC507 Arctic,9Z127808 Arctic shipping,GR000920.01 Arctic Bucket - 507 - 15.5%,"23,399.31 ",Other,Arctic ,,,
CC508 Ocean Futures,50800001 Ocean Futures,GR000011.01 Uncovered Salaries and Expenses,"1,277,078.36 ",Resilience,,,,
CC508 Ocean Futures,50800001 Ocean Futures,GR000011.02 Restricted Coverage Identified,"207,827.81 ",Resilience,,,,
CC508 Ocean Futures,50800001 Ocean Futures,GR012856.01 Grantham Environ. Trust - Protecting Ocean Fisheries - CC508,"201,450.21 ",Resilience,,,,
CC508 Ocean Futures,50800001 Ocean Futures,GR012362.01 Climate and Blue Foods Security CC508,"42,771.18 ",Resilience,,,,
CC508 Ocean Futures,50800001 Ocean Futures,GR003939.01 RCCL ROYALTIES - 505,"30,000.00 ",Resilience,,,,
CC508 Ocean Futures,50800001 Ocean Futures,GR011810.01 Walton SIMP/IUU Renewal III CC508,"22,043.19 ",Resilience,,,,
CC508 Ocean Futures,50800001 Ocean Futures,GR011505.02 RCCL - Ph2 - Transformation (Earthrise) - 508,"20,000.00 ",Resilience,,,,
CC508 Ocean Futures,9Z127450 Sustainable Fisheries General,GR000011.02 Restricted Coverage Identified,"8,179.84 ",Resilience,,,,
CC508 Ocean Futures,50800001 Ocean Futures,GR011632.01 Bloomberg O5 Fiji Fisheries - 509,"7,449.78 ",Resilience,,,,
CC508 Ocean Futures,50800001 Ocean Futures,GR012840.01 Weil Legal Innovators Program - CC508,"6,513.16 ",Resilience,,,,
CC508 Ocean Futures,50900000 IUU,GR011810.01 Walton SIMP/IUU Renewal III CC508,"11,156.24 ",Other,,,,
CC509 Ocean Policy,50900000 IUU,GR011874.01 UNFAO -- GCP- Prototype Finance Platform,"41,323.62 ",Other,,,,
CC510 Mangroves,51000000 Mangroves General,GR012843.01 Crankstart Foundation - cc510,"165,103.74 ",Resilience,,,,
CC510 Mangroves,51000000 Mangroves General,GR011967.01 NbS Origination Platform - Oceans Blue Finance - 510,"143,364.69 ",Resilience,,,,
CC510 Mangroves,51000000 Mangroves General,GR011974.01 Curt Bergfors Foundation - Food Planet Prize,"98,364.26 ",Resilience,Indonesia and Southern Pacific Islands,,,
CC510 Mangroves,51000000 Mangroves General,GR000011.01 Uncovered Salaries and Expenses,"66,325.46 ",Resilience,,,,
CC510 Mangroves,51000000 Mangroves General,GR012559.01 Moodys Emerging Markets - Oceans 510,"51,375.00 ",Resilience,,,,
CC510 Mangroves,51000000 Mangroves General,GR000011.02 Restricted Coverage Identified,"39,375.00 ",Resilience,,,,
CC510 Mangroves,BEF00015 Bezos – Mangroves – Other,GR010442.01 Bezos Mangroves - 510,"654,532.31 ",Resilience,"Amazon, SWIO",,,
CC510 Mangroves,BEF00014 Bezos – Mangroves – Comms,GR010442.01 Bezos Mangroves - 510,"26,119.77 ",Resilience,"Amazon, SWIO",,,
CC510 Mangroves,BEF00015 Bezos – Mangroves – Other,GR012692.01 Salesforce c/o Plant for the Planet — Madagascar Mangrove Restoration Project - cc510,"7,850.23 ",Resilience,"Amazon, SWIO",,,
CC510 Mangroves,51000000 Mangroves General,GR012692.01 Salesforce c/o Plant for the Planet — Madagascar Mangrove Restoration Project - cc510,"7,656.81 ",Resilience,SWIO,Madagascar,,
CC510 Mangroves,9L080309 Seafood Markets,GR011967.02 Nbs Origination Platform - Ocean Blue Finance - 485,"24,553.18 ",Resilience,,,,
CC511 Global Priority Species & Other Landscapes,9F071771 African Elephants - Congo,GR011771.07 Bequest - African Elephants and their Habitats - Forest Elephants - cc511 - 15.5%,"300,000.00 ",Landscape,Congo,,,
CC511 Global Priority Species & Other Landscapes,9Z127840 Polar Bear Project,GR012165.01 Polar Bear Co-management and Science Alaska - WWF GE - cc511 - 12.50%,"81,470.06 ",Landscape,Arctic ,,,
CC511 Global Priority Species & Other Landscapes,9Z127840 Polar Bear Project,GR000334.01 Polar Bear Bucket - 511,"70,745.81 ",Landscape,Arctic ,,,
CC511 Global Priority Species & Other Landscapes,9Z127850 Arctic Area-Based Conservation,GR000011.01 Uncovered Salaries and Expenses,"37,272.89 ",Landscape,Arctic ,,,
CC511 Global Priority Species & Other Landscapes,9F074200 African Great Apes,GR000011.01 Uncovered Salaries and Expenses,"18,762.50 ",Landscape,,,,
CC511 Global Priority Species & Other Landscapes,9F071771 African Elephants - Congo,GR011771.01 Protection of wild African elephants and their habitats - cc511 - 15.5%,"15,254.00 ",Landscape,Congo,,,
CC511 Global Priority Species & Other Landscapes,CN085401 Giant Pandas,GR000323.01 Protect Giant Pandas Bucket - 511,"14,467.85 ",Landscape,,China,,
CC511 Global Priority Species & Other Landscapes,9Z127840 Polar Bear Project,GR000011.01 Uncovered Salaries and Expenses,"13,095.25 ",Landscape,Arctic ,,,
CC511 Global Priority Species & Other Landscapes,9Z127840 Polar Bear Project,GR000011.02 Restricted Coverage Identified,"10,642.79 ",Landscape,Arctic ,,,
CC511 Global Priority Species & Other Landscapes,9Z127840 Polar Bear Project,GR000310.01 Help Rescue Species in Peril - 511,"10,000.00 ",Landscape,Arctic ,,,
CC511 Global Priority Species & Other Landscapes,9F071771 African Elephants - Congo,GR000332.06 Protect African Elephants Bucket - 511,"8,565.00 ",Landscape,Congo,,,
CC511 Global Priority Species & Other Landscapes,9F074200 African Great Apes,GR012911.01 ETIC-NPNP Renewal (Phase IV),"6,399.31 ",Landscape,,,,
CC511 Global Priority Species & Other Landscapes,9F074263 Asian Great Apes,GR000011.02 Restricted Coverage Identified,"6,333.60 ",Landscape,Indonesia and Southern Pacific Islands,,,
CC511 Global Priority Species & Other Landscapes,9F071501 African Rhinos,GR000321.05 Protect Rhinos - 511,"6,000.00 ",Landscape,Southern Africa,,,
CC511 Global Priority Species & Other Landscapes,9F071771 African Elephants - Congo,GR000336.01 Protect Elephants - 511,"2,000.00 ",Landscape,Congo,,,
CC511 Global Priority Species & Other Landscapes,MG008800 Madagascar CBC,GR000625.01 Madagascar Lemurs - 511,"1,065.06 ",Landscape,,Madagascar ,,
CC511 Global Priority Species & Other Landscapes,9Z125600 Wildlife Trade & Wildlife Law,GR012785.01 Countering Wildlife Trafficking and Other Natural Resource Crime in Pakistan-HQ-CC511,"7,825.51 ",Resilience,Eastern Himalaya,,,
CC511 Global Priority Species & Other Landscapes,9F074263 Asian Great Apes,GR010335.01 Apes in Kalimantan - 511,"6,962.91 ",Landscape,Indonesia and Southern Pacific Islands,,,
CC511 Global Priority Species & Other Landscapes,45000000 Species General,GR000336.01 Protect Elephants - 511,"842,524.00 ",Landscape,,,,
CC511 Global Priority Species & Other Landscapes,45000000 Species General,GR000011.01 Uncovered Salaries and Expenses,"192,679.90 ",Landscape,,,,
CC511 Global Priority Species & Other Landscapes,9Z127250 Cetacean Bycatch,GR003578.02 Pacific Life - Curb Cetacean Bycatch - 511,"53,802.62 ",Private Sector ,,,,
CC511 Global Priority Species & Other Landscapes,9S073268 Sumatran Rhinos,GR000321.05 Protect Rhinos - 511,"53,135.95 ",Landscape,,,,
CC511 Global Priority Species & Other Landscapes,45000000 Species General,GR000310.01 Help Rescue Species in Peril - 511,"47,290.00 ",Landscape,,,,
CC511 Global Priority Species & Other Landscapes,45000000 Species General,GR000011.02 Restricted Coverage Identified,"4,901.00 ",Landscape,,,,
CC513 Seascapes,51300001 Seascapes,GR012356.02 Mott DREEM Hub - 513 - 2.5%,"961,386.00 ",Landscape,,Tanzania,,
CC513 Seascapes,51300001 Seascapes,GR012638.01 Supporting community leadership in Indonesian MPCAs - cc513,"198,663.90 ",Landscape,Indonesia and Southern Pacific Islands,,,
CC513 Seascapes,51300001 Seascapes,GR000011.01 Uncovered Salaries and Expenses,"192,687.22 ",Landscape,"Eastern Pacific,SW Pacific + Indonesia, SWIO",,,
CC513 Seascapes,51300001 Seascapes,GR000011.02 Restricted Coverage Identified,"75,516.12 ",Landscape,"Eastern Pacific,SW Pacific + Indonesia, SWIO",,,
CC513 Seascapes,51300001 Seascapes,GR012356.01 Mott DREEM Hub - 513,"11,833.68 ",Landscape,,Tanzania,,
CC514 Green Economy & Infrastructure,41000080 GRID Cost Share,GR000011.01 Uncovered Salaries and Expenses,"479,117.58 ",Infrastructure,Amazon,,,
CC514 Green Economy & Infrastructure,41000070 NatCap and Infrastrucuture,GR000011.02 Restricted Coverage Identified,"351,924.84 ",Infrastructure,Amazon,,,
CC514 Green Economy & Infrastructure,41000070 NatCap and Infrastrucuture,GR000420.03 General Forest Bucket - 514 (inactive),"151,252.40 ",Infrastructure,Amazon,,,
CC514 Green Economy & Infrastructure,41000070 NatCap and Infrastrucuture,GR004892.01 Alexander Fund - 410,"65,169.73 ",Infrastructure,Amazon,,,
CC514 Green Economy & Infrastructure,41000070 NatCap and Infrastrucuture,GR013084.01 Moore - Dissemination of Green Road Infrastructure(GRI) - 436 (12.5%),"48,487.20 ",Infrastructure,Amazon,,,
CC514 Green Economy & Infrastructure,41000070 NatCap and Infrastrucuture,GR012287.01 Charles Stewart Mott Foundation - Expanding Renewable Energy in the Amazon (non-Brazil) 2024-2025 - 514,"14,960.23 ",Infrastructure,Amazon,,,
CC514 Green Economy & Infrastructure,41000070 NatCap and Infrastrucuture,GR000011.01 Uncovered Salaries and Expenses,"13,331.20 ",Infrastructure,,,,
CC515 Congo Basin,9F070800 Western Congo Basin Moist Forest Ecoregion,GR010617.02 CBSL Cameroon,"1,650,000.00 ",Landscape,Congo,,,
CC515 Congo Basin,CD000301 CBFP: Salonga,GR000011.01 Uncovered Salaries and Expenses,"177,974.58 ",Landscape,Congo,,,
CC515 Congo Basin,9F070800 Western Congo Basin Moist Forest Ecoregion,GR000011.01 Uncovered Salaries and Expenses,"115,429.66 ",Landscape,Congo,,,
CC515 Congo Basin,CD000301 CBFP: Salonga,GR000093.01 Unrestricted Carryforward,"105,000.00 ",Landscape,Congo,,,
CC515 Congo Basin,9F070800 Western Congo Basin Moist Forest Ecoregion,GR000420.01 General Forest Bucket - 416,"94,702.40 ",Landscape,Congo,,,
CC515 Congo Basin,9F070800 Western Congo Basin Moist Forest Ecoregion,GR012826.01 Advancing High-integrity Landscape Approaches and Strengthening Protected Areas in the Brazilian Amazon - WMT - cc41,"62,503.58 ",Landscape,Congo,,,
CC515 Congo Basin,9F070800 Western Congo Basin Moist Forest Ecoregion,GR007700.11 GEF Fee CC - HQ cc515,"48,750.29 ",Landscape,Congo,,,
CC515 Congo Basin,CD000301 CBFP: Salonga,GR010444.07 Bezos Earth Fund - Coordination - Congo - 515,"24,294.69 ",Landscape,Congo,,,
CC515 Congo Basin,CF000500 Dzanga-Sangha,GR000011.02 Restricted Coverage Identified,"10,227.86 ",Landscape,Congo,,,
CC515 Congo Basin,CF000500 Dzanga-Sangha,GR000011.01 Uncovered Salaries and Expenses,"5,492.74 ",Landscape,Congo,,,
CC515 Congo Basin,CF000500 Dzanga-Sangha,GR000011.03 Institutional Commitments,"3,750.00 ",Landscape,Congo,,,
CC532 KAZA & Southern Africa,9F071772 African Elephants,GR011771.13 Bequest - African Elephants and their Habitats - General - 532 - 15.5%,"150,574.03 ",Landscape,Southern Africa,,,
CC532 KAZA & Southern Africa,9F071701 KAZA Elephants and Other Wildlife,GR011771.02 Protection of wild African elephants and their habitats - cc532 - 15.5%,"150,000.00 ",Landscape,Southern Africa,,,
CC532 KAZA & Southern Africa,9F071701 KAZA Elephants and Other Wildlife,GR000011.01 Uncovered Salaries and Expenses,"126,048.44 ",Landscape,Southern Africa,,,
CC532 KAZA & Southern Africa,9F071772 African Elephants,GR012844.01 African Elephants - O. Nash - cc532 - 15.5%,"125,547.10 ",Landscape,Southern Africa,,,
CC532 KAZA & Southern Africa,9F071706 KAZA Wildlife Connectivity Science,GR012844.01 African Elephants - O. Nash - cc532 - 15.5%,"106,660.00 ",Landscape,Southern Africa,,,
CC532 KAZA & Southern Africa,9F071706 KAZA Wildlife Connectivity Science,GR011771.08 Bequest - African elephants and their Habitats - Connectivity - cc532 - 15.5%,"86,033.77 ",Landscape,Southern Africa,,,
CC532 KAZA & Southern Africa,9Z210407 e-DNA,GR000342.03 KAZA Elephant Conservation Strategy - Bishop -- 532 -15.5%,"78,000.00 ",Landscape,Southern Africa,,,
CC532 KAZA & Southern Africa,9F071701 KAZA Elephants and Other Wildlife,GR000342.01 KAZA Elephant Conservation Strategy - 532,"72,271.28 ",Landscape,Southern Africa,,,
CC532 KAZA & Southern Africa,9F071706 KAZA Wildlife Connectivity Science,GR000011.01 Uncovered Salaries and Expenses,"58,880.70 ",Landscape,Southern Africa,,,
CC532 KAZA & Southern Africa,9F071501 African Rhinos,GR000011.01 Uncovered Salaries and Expenses,"34,000.00 ",Landscape,Southern Africa,,,
CC532 KAZA & Southern Africa,9F071701 KAZA Elephants and Other Wildlife,GR000336.02 Protect Elephants Bucket - 532,"24,491.05 ",Landscape,Southern Africa,,,
CC532 KAZA & Southern Africa,9F071501 African Rhinos,GR000302.07 Protect African Rhinos - 532 - 15.5%,"24,078.84 ",Landscape,Southern Africa,,,
CC532 KAZA & Southern Africa,9F071706 KAZA Wildlife Connectivity Science,GR000011.02 Restricted Coverage Identified,"23,785.96 ",Landscape,Southern Africa,,,
CC532 KAZA & Southern Africa,9F071706 KAZA Wildlife Connectivity Science,GR011771.13 Bequest - African Elephants and their Habitats - General - 532 - 15.5%,"21,813.22 ",Landscape,Southern Africa,,,
CC532 KAZA & Southern Africa,9F071706 KAZA Wildlife Connectivity Science,GR000011.03 Institutional Commitments,"20,000.00 ",Landscape,Southern Africa,,,
CC532 KAZA & Southern Africa,9F071701 KAZA Elephants and Other Wildlife,GR000011.02 Restricted Coverage Identified,"19,205.27 ",Landscape,Southern Africa,,,
CC532 KAZA & Southern Africa,9F071706 KAZA Wildlife Connectivity Science,GR000336.02 Protect Elephants Bucket - 532,"13,785.96 ",Landscape,Southern Africa,,,
CC532 KAZA & Southern Africa,9Z071705 KAZA Carnivores,GR004343.02 Protecting Large Carnivores in KAZA - HQ - cc532,"13,475.94 ",Landscape,Southern Africa,,,
CC532 KAZA & Southern Africa,9F071701 KAZA Elephants and Other Wildlife,GR000332.05 Protect African Elephants Bucket - 532,"13,239.11 ",Landscape,Southern Africa,,,
CC532 KAZA & Southern Africa,9F071772 African Elephants,GR000332.05 Protect African Elephants Bucket - 532,"10,000.00 ",Landscape,Southern Africa,,,
CC532 KAZA & Southern Africa,9F071705 Aerial Survey – KAZA Elephants,GR000342.01 KAZA Elephant Conservation Strategy - 532,"9,000.00 ",Landscape,Southern Africa,,,
CC532 KAZA & Southern Africa,9F071706 KAZA Wildlife Connectivity Science,GR000332.05 Protect African Elephants Bucket - 532,"6,892.98 ",Landscape,Southern Africa,,,
CC532 KAZA & Southern Africa,9F071706 KAZA Wildlife Connectivity Science,GR000342.01 KAZA Elephant Conservation Strategy - 532,"6,892.98 ",Landscape,Southern Africa,,,
CC532 KAZA & Southern Africa,9F071704 KAZA Other,GR000342.03 KAZA Elephant Conservation Strategy - Bishop -- 532 -15.5%,"6,409.00 ",Landscape,Southern Africa,,,
CC532 KAZA & Southern Africa,9F071707 KAZA Wildlife Connectivity Science – Laptop,GR000342.01 KAZA Elephant Conservation Strategy - 532,"4,500.00 ",Landscape,Southern Africa,,,
CC532 KAZA & Southern Africa,9Z125600 Wildlife Trade & Wildlife Law,GR000011.01 Uncovered Salaries and Expenses,"20,683.00 ",Resilience,Southern Africa,,,
CC532 KAZA & Southern Africa,9Z125600 Wildlife Trade & Wildlife Law,GR010499.05 INL CWT in Namibia and KAZA - 532 - 13.12%,"1,510.41 ",Resilience,Southern Africa,,,
CC532 KAZA & Southern Africa,9Z210407 e-DNA,GR000011.01 Uncovered Salaries and Expenses,"42,635.95 ",Landscape,Southern Africa,,,
CC532 KAZA & Southern Africa,9F204201 Wildlife Communications,GR011771.13 Bequest - African Elephants and their Habitats - General - 532 - 15.5%,"22,766.13 ",Landscape,,,,
CC532 KAZA & Southern Africa,9F204203 Wildlife Communications - KAZA,GR000336.02 Protect Elephants Bucket - 532,"15,000.00 ",Landscape,,,,
CC532 KAZA & Southern Africa,9F204206 Wildlife Communications - Wildlife Tech,GR011771.13 Bequest - African Elephants and their Habitats - General - 532 - 15.5%,"11,350.90 ",Resilience,,,,
CC532 KAZA & Southern Africa,9Z210407 e-DNA,GR012413.02 Peach - Wildlife Habitat and preservation - 532 - 0%,"10,000.00 ",Landscape,Southern Africa,,,
CC533 Namibia,Program (Uncategorized),GR000342.04 KAZA Elephant Conservation Strategy - Khaudum water points - 533 - 15.5%," 72,999.71 ",Landscape,Southern Africa,,,
CC533 Namibia,9F071701 KAZA Elephants and Other Wildlife,GR000342.02 KAZA Elephant Conservation Strategy - 533," 30,000.00 ",Landscape,Southern Africa,Namibia,,
CC533 Namibia,NA000100 Namibia CBNRM,GR000302.08 Black Rhino Campaign - African Rhino Bucket - 533 - 15.5%," 157,943.54 ",,,,,
"CC534 Program Operations: Marine, Policy, Food",41200001 Program Operations,GR000001.01 Program Unrestricted - cc000,"1,668,623.77 ",Other,,,,
"CC534 Program Operations: Marine, Policy, Food",BEF00009 Bezos – Coordination,GR010444.02 Bezos Earth Fund Program Ops - 534,"47,825.14 ",Other,,,,
"CC534 Program Operations: Marine, Policy, Food",41200001 Program Operations,GR000011.02 Restricted Coverage Identified,"3,124.52 ",Other,,,,
"CC536 Program Operations: Forest, Freshwater and Wildlife",53600000 ESP Program Administration,GR000001.01 Program Unrestricted - cc000,"1,153,951.93 ",Other,,,,
"CC536 Program Operations: Forest, Freshwater and Wildlife",41000080 GRID Cost Share,GR000011.01 Uncovered Salaries and Expenses,"48,405.94 ",Other,,,,
"CC536 Program Operations: Forest, Freshwater and Wildlife",41000070 NatCap and Infrastrucuture,GR000011.02 Restricted Coverage Identified,"12,541.19 ",Other,,,,
CC537 PANORAMA Management,WPAN0080 Workday annual software fees,GR000001.01 Program Unrestricted - cc000,"316,000.00 ",Other,,,,
CC537 PANORAMA Management,APAN0080 Adaptive annual software fees,GR000001.01 Program Unrestricted - cc000,"192,474.00 ",Other,,,,
CC537 PANORAMA Management,SPAN0080 Smart Simple annual software fees,GR000001.01 Program Unrestricted - cc000,"165,000.00 ",Other,,,,
CC538 Outgoing Agreements Team,40000000 Program Management - General,GR000001.01 Program Unrestricted - cc000,"736,856.16 ",Other,,,,
CC558 Wildlife & Climate Resilience,9F075200 Climate Crowd,GR010994.03 Climate Crowd Multi-Donor - 558,"202,068.13 ",Resilience,,,,
CC558 Wildlife & Climate Resilience,9F075100 Wildlife Adaptation Innovation Fund,GR000406.11 Wildlife Adaptation Innovation Fund- 558,"184,967.26 ",Resilience,,,,
CC558 Wildlife & Climate Resilience,9F075000 Wildlife & Climate,GR000336.12 Protect Elephants - Climate Adaptation & Resilience -558 - 15.5%,"88,555.01 ",Resilience,,,,
CC558 Wildlife & Climate Resilience,9F075100 Wildlife Adaptation Innovation Fund,GR013341.01 DAF - Climate Crowd and Wildlife Adaptation Bucket - 558,"38,961.03 ",Resilience,,,,
CC558 Wildlife & Climate Resilience,9F075200 Climate Crowd,GR000011.01 Uncovered Salaries and Expenses,"21,568.36 ",Resilience,,,,
CC558 Wildlife & Climate Resilience,9F075000 Wildlife & Climate,GR012413.03 Peach - Wildlife Habitat & Preservation - 558 - 0%,"18,910.51 ",Resilience,,,,
CC558 Wildlife & Climate Resilience,9F072003 African NBT Covid-19 Platform Monitoring and Evaluation,GR010484.01 Collaborative platform for African nature-based tourism - 558,"58,224.57 ",Other,,,,
CC558 Wildlife & Climate Resilience,9F072001 African NBT Covid-19 Platform Data Clearinghouse,GR010484.01 Collaborative platform for African nature-based tourism - 558,"18,666.02 ",Other,,,,
CC558 Wildlife & Climate Resilience,9F072000 African NBT Covid-19 Platform,GR010484.01 Collaborative platform for African nature-based tourism - 558,"1,208.33 ",Other,,,,
CC580 EH Bhutan Program Office,BT205500 Advancing OECM Implementation in Bhutan,GR011768.08 WWF Bhutan OECM Capacity Building - 580," 10,902.00 ",,,,,
CC581 EH Nepal Program Office,NP214700 Promote Nature Based Solutions (NBSs) for building resilience of vulnerable communities and ecosystems,GR010621.01 Managing Watersheds for Enhanced Resilience of Communities to Climate Change," 1,297,101.79 ",,,,,
CC581 EH Nepal Program Office,NP215000 Build capacity and facilitate international discourse and Nepal's committement on climate and nature,GR011163.02 Nepal CBIT," 475,096.00 ",,,,,
CC581 EH Nepal Program Office,NP211900 Wildlife Habitat Management and Corridor Use,GR007700.12 WWF Nepal GEF Agency CC581," 45,589.49 ",,,,,
CC582 PAPUA,ID019300 Forest Conservation in Papua-Indonesia,GR012072.01 Conserving Papua Forest -WWF-US - MACP 582 - 15%,"58,742.23 ",Landscape,Indonesia and Southern Pacific Islands,,,
CC594 Northern Great Plains,US088501 NGP Assets - 2014 Toyota RAV4,GR000925.02 Northern Great Plains Bucket - 594 15.5%,"4,057.80 ",Other,Great Plains ,,,
CC594 Northern Great Plains,US088502 NGP Assets - 2015 Subaru Crosstrek,GR000925.02 Northern Great Plains Bucket - 594 15.5%,"3,657.80 ",Other,Great Plains ,,,
CC594 Northern Great Plains,US088500 NGP Assets - 2016 Mazda CX-5,GR000925.02 Northern Great Plains Bucket - 594 15.5%,"3,066.67 ",Other,Great Plains ,,,
CC595 GP - Science,US595001 GP - Science General,"GR012292.04 Walmart - LAMP 2, NGP - 595 15%","706,245.68 ",Landscape,Great Plains ,,,
CC595 GP - Science,US595001 GP - Science General,GR012669.02 AMB - RSVP Project - 595 15.5%,"145,133.66 ",Resilience,Great Plains ,,,
CC595 GP - Science,US595001 GP - Science General,GR000011.02 Restricted Coverage Identified,"119,347.51 ",Landscape,Great Plains ,,,
CC595 GP - Science,"US088323 Science (NFWF, Plowprint 2023 - Match)",GR000011.02 Restricted Coverage Identified,"47,490.12 ",Resilience,Great Plains ,,,
CC595 GP - Science,US595001 GP - Science General,"GR011908.08 NFWF, Plowprint 2023 - 595 (Bezos)","39,972.67 ",Resilience,Great Plains ,,,
CC595 GP - Science,US595001 GP - Science General,"GR012752.06 MACP - NGP Grassland Communities, Phase 5 - 595 15%","23,110.00 ",Resilience,Great Plains ,,,
CC595 GP - Science,US595001 GP - Science General,GR013277.03 Mars - GP Grasslands - 595 15.5%,"17,902.37 ",Resilience,Great Plains ,,,
CC595 GP - Science,US595001 GP - Science General,GR010533.03 Toyota - Wolakota General - 595 15.5%,"17,193.00 ",Landscape,Great Plains ,,,
CC595 GP - Science,US595001 GP - Science General,"GR010916.02 NSF TCUP, Aaniiih Nakoda College - 595","10,328.29 ",Landscape,Great Plains ,,,
CC595 GP - Science,US595001 GP - Science General,"GR012441.04 Swedish, Bison Restoration - 595 15.5%","9,400.00 ",Landscape,Great Plains ,,,
CC596 GP - Wildlife Initiative,US596001 GP - Wildlife General,GR000011.02 Restricted Coverage Identified,"366,228.55 ",Landscape,Great Plains ,,,
CC596 GP - Wildlife Initiative,US596100 GP - Bison Restoration with Native Nations,"GR012441.02 Swedish, Bison Restoration - 596 15.5%","260,673.48 ",Landscape,Great Plains ,,,
CC596 GP - Wildlife Initiative,US596100 GP - Bison Restoration with Native Nations,"GR012752.02 MACP - NGP Grassland Communities, Phase 5 - 596 15%","210,011.22 ",Landscape,Great Plains ,,,
CC596 GP - Wildlife Initiative,US596200 GP - Restoring Black Footed Ferrets,GR000011.02 Restricted Coverage Identified,"184,318.32 ",Landscape,Great Plains ,,,
CC596 GP - Wildlife Initiative,US596100 GP - Bison Restoration with Native Nations,"GR012752.04 MACP - NGP Grassland Communities, Phase 5 - 596 10% (Grants Only)","163,970.00 ",Landscape,Great Plains ,,,
CC596 GP - Wildlife Initiative,US596100 GP - Bison Restoration with Native Nations,GR004358.13 HD - Sall - Native Nations - DPR - 596,"155,780.00 ",Landscape,Great Plains ,,,
CC596 GP - Wildlife Initiative,US596100 GP - Bison Restoration with Native Nations,GR000170.05 Bison Bucket - 596 15.5%,"139,602.00 ",Landscape,Great Plains ,,,
CC596 GP - Wildlife Initiative,US596100 GP - Bison Restoration with Native Nations,GR012352.01 2024 FWS Fort Belknap Buffalo Restoration and Grazing System - 596,"131,498.00 ",Landscape,Great Plains ,,,
CC596 GP - Wildlife Initiative,US596100 GP - Bison Restoration with Native Nations,GR011641.02 Stronghold Buffalo Range - 596 15.5%,"129,480.00 ",Landscape,Great Plains ,,,
CC596 GP - Wildlife Initiative,US596200 GP - Restoring Black Footed Ferrets,GR012376.01 2024 FWS BFF Recovery Challenge - 596,"123,891.55 ",Landscape,Great Plains ,,,
CC596 GP - Wildlife Initiative,US596100 GP - Bison Restoration with Native Nations,GR013276.01 Mars - GP Wildlife - 596 15.5%,"100,000.00 ",Landscape,Great Plains ,,,
CC596 GP - Wildlife Initiative,US596100 GP - Bison Restoration with Native Nations,GR012102.02 Binnacle - Stronghold Bison Reserve - 596 15.5%,"81,000.00 ",Landscape,Great Plains ,,,
CC596 GP - Wildlife Initiative,US596001 GP - Wildlife General,"GR010825.02 Bush - Pine Ridge, Phase 2 - 596 15.5%","75,795.16 ",Landscape,Great Plains ,,,
CC596 GP - Wildlife Initiative,US596200 GP - Restoring Black Footed Ferrets,"GR012873.01 Frankenberg, Ferret Recovery - 596 15.5%","53,837.36 ",Landscape,Great Plains ,,,
CC596 GP - Wildlife Initiative,US596200 GP - Restoring Black Footed Ferrets,GR004307.02 Jalkut - One MoreThing - 596 15.5%,"43,290.00 ",Landscape,Great Plains ,,,
CC596 GP - Wildlife Initiative,US596100 GP - Bison Restoration with Native Nations,GR012876.01 Turner - Bison Restoration 2024 - 596 15.5%,"20,496.80 ",Landscape,Great Plains ,,,
CC596 GP - Wildlife Initiative,US596100 GP - Bison Restoration with Native Nations,"GR010916.03 NSF TCUP, Aaniiih Nakoda College - 596","13,379.19 ",Landscape,Great Plains ,,,
CC596 GP - Wildlife Initiative,US596200 GP - Restoring Black Footed Ferrets,"GR010916.03 NSF TCUP, Aaniiih Nakoda College - 596","9,857.37 ",Landscape,Great Plains ,,,
CC596 GP - Wildlife Initiative,US596100 GP - Bison Restoration with Native Nations,GR012783.01 Tribal Buffalo Lifeways Bucket - 596 15.5%,"4,054.00 ",Landscape,Great Plains ,,,
CC596 GP - Wildlife Initiative,US596100 GP - Bison Restoration with Native Nations,GR000011.02 Restricted Coverage Identified,"(21,037.69)",Landscape,Great Plains ,,,
CC597 GP - Sustainable Ranching Initiative,"US597100 GP - SRI, RSVP",GR012669.01 AMB - RSVP Project - 597 15.5%,"562,079.54 ",Resilience,Great Plains ,,,
CC597 GP - Sustainable Ranching Initiative,"US597103 GP - SRI, RSVP - Ranch Infrastructure Fund",GR010539.02 Rosen - Ranching in NGP - 597 15.5%,"304,898.58 ",Resilience,Great Plains ,,,
CC597 GP - Sustainable Ranching Initiative,"US597103 GP - SRI, RSVP - Ranch Infrastructure Fund","GR012857.01 USDA - RCPP FA, RSVP 2022 - 597","300,000.00 ",Resilience,Great Plains ,,,
CC597 GP - Sustainable Ranching Initiative,"US597100 GP - SRI, RSVP","GR012619.01 USDA/NRCS - GLCI, RSVP 2024 - 597 10%","242,456.11 ",Resilience,Great Plains ,,,
CC597 GP - Sustainable Ranching Initiative,"US597100 GP - SRI, RSVP","GR012752.03 MACP - NGP Grassland Communities, Phase 5 - 597 15%","214,321.57 ",Resilience,Great Plains ,,,
CC597 GP - Sustainable Ranching Initiative,"US597103 GP - SRI, RSVP - Ranch Infrastructure Fund",GR012669.01 AMB - RSVP Project - 597 15.5%,"190,453.17 ",Resilience,Great Plains ,,,
CC597 GP - Sustainable Ranching Initiative,"US597100 GP - SRI, RSVP",GR013277.02 Mars - GP Grasslands - 597 15.5%,"130,957.09 ",Resilience,Great Plains ,,,
CC597 GP - Sustainable Ranching Initiative,"US597100 GP - SRI, RSVP","GR012752.05 MACP - NGP Grassland Communities, Phase 5 - 597 10% (Grants Only)","115,000.00 ",Resilience,Great Plains ,,,
CC597 GP - Sustainable Ranching Initiative,"US597300 GP - SRI, Mesic Restoration",GR013277.02 Mars - GP Grasslands - 597 15.5%,"89,557.99 ",Resilience,Great Plains ,,,
CC597 GP - Sustainable Ranching Initiative,US597001 GP - Sustainable Ranching Initiative General,GR013277.02 Mars - GP Grasslands - 597 15.5%,"76,834.26 ",Resilience,Great Plains ,,,
CC597 GP - Sustainable Ranching Initiative,US597001 GP - Sustainable Ranching Initiative General,GR000011.02 Restricted Coverage Identified,"69,042.33 ",Resilience,Great Plains ,,,
CC597 GP - Sustainable Ranching Initiative,"US597100 GP - SRI, RSVP","GR011708.02 USDA/NRCS - GLCI, NGP RSVP Project - 597 10%","63,309.07 ",Resilience,Great Plains ,,,
CC597 GP - Sustainable Ranching Initiative,US597001 GP - Sustainable Ranching Initiative General,"GR012752.03 MACP - NGP Grassland Communities, Phase 5 - 597 15%","60,220.99 ",Resilience,Great Plains ,,,
CC597 GP - Sustainable Ranching Initiative,"US597300 GP - SRI, Mesic Restoration",GR012669.01 AMB - RSVP Project - 597 15.5%,"52,138.25 ",Resilience,Great Plains ,,,
CC597 GP - Sustainable Ranching Initiative,"US597107 GP - SRI, RSVP - USDA, RCPP Partner TA_I RTIP-002 Planning","GR011325.01 USDA - RCPP TA, RSVP 2022 - 597","48,571.43 ",Resilience,Great Plains ,,,
CC597 GP - Sustainable Ranching Initiative,"US597100 GP - SRI, RSVP",GR000011.02 Restricted Coverage Identified,"47,537.02 ",Resilience,Great Plains ,,,
CC597 GP - Sustainable Ranching Initiative,"US597300 GP - SRI, Mesic Restoration",GR013101.01 NWF - Mesic Restoration - 597,"42,410.00 ",Resilience,Great Plains ,,,
CC597 GP - Sustainable Ranching Initiative,US597001 GP - Sustainable Ranching Initiative General,GR012669.01 AMB - RSVP Project - 597 15.5%,"34,240.98 ",Resilience,Great Plains ,,,
CC597 GP - Sustainable Ranching Initiative,"US597101 GP - SRI, RSVP - USDA, RCPP Partner TA_E RTEP-001 Project Management","GR011325.01 USDA - RCPP TA, RSVP 2022 - 597","20,899.33 ",Resilience,Great Plains ,,,
CC597 GP - Sustainable Ranching Initiative,"US597102 GP - SRI, RSVP - USDA, RCPP Partner TA_E RTEP-003 Outreach and Education","GR011325.01 USDA - RCPP TA, RSVP 2022 - 597","15,506.98 ",Resilience,Great Plains ,,,
CC597 GP - Sustainable Ranching Initiative,US597001 GP - Sustainable Ranching Initiative General,"GR012619.01 USDA/NRCS - GLCI, RSVP 2024 - 597 10%","9,333.40 ",Resilience,Great Plains ,,,
CC597 GP - Sustainable Ranching Initiative,US597001 GP - Sustainable Ranching Initiative General,"GR011708.02 USDA/NRCS - GLCI, NGP RSVP Project - 597 10%","8,000.06 ",Resilience,Great Plains ,,,
CC597 GP - Sustainable Ranching Initiative,"US597104 GP - SRI, RSVP - USDA, RCPP Partner TA_E RTEP-002 Communication and Coordination","GR011325.01 USDA - RCPP TA, RSVP 2022 - 597","4,427.95 ",Resilience,Great Plains ,,,
CC598 GP - Crosscutting,US598002 GP - Crosscutting Ops,"GR012752.01 MACP - NGP Grassland Communities, Phase 5 - 598 15%","21,608.00 ",Resilience,Great Plains ,,,
CC598 GP - Crosscutting,US598002 GP - Crosscutting Ops,"GR012619.02 USDA/NRCS - GLCI, RSVP 2024 - 598 10%","4,704.91 ",Resilience,Great Plains ,,,
CC598 GP - Crosscutting,US598001 GP - Crosscutting General,GR000011.02 Restricted Coverage Identified,"653,835.63 ",Core,Great Plains ,,,
CC598 GP - Crosscutting,US598002 GP - Crosscutting Ops,GR000011.02 Restricted Coverage Identified,"359,444.86 ",Core,Great Plains ,,,
CC598 GP - Crosscutting,US598001 GP - Crosscutting General,GR000011.02 Restricted Coverage Identified,"342,471.82 ",Resilience,Great Plains ,,,
CC598 GP - Crosscutting,US598001 GP - Crosscutting General,GR000011.02 Restricted Coverage Identified,"287,265.27 ",Landscape,Great Plains ,,,
CC598 GP - Crosscutting,US598002 GP - Crosscutting Ops,GR000001.01 Program Unrestricted - cc000,"250,000.00 ",Other,Great Plains ,,,
CC598 GP - Crosscutting,US598002 GP - Crosscutting Ops,GR000011.02 Restricted Coverage Identified," 188,273.21 ",Resilience,Great Plains ,,,
CC598 GP - Crosscutting,US598002 GP - Crosscutting Ops,GR000011.02 Restricted Coverage Identified," 157,923.52 ",Landscape,Great Plains ,,,
CC598 GP - Crosscutting,US598002 GP - Crosscutting Ops,GR013277.01 Mars - GP Grasslands - 598 15.5%,"34,862.23 ",Resilience,Great Plains ,,,
CC598 GP - Crosscutting,US598002 GP - Crosscutting Ops,GR012669.03 AMB - RSVP Project - 598 15.5%,"24,319.47 ",Resilience,Great Plains ,,,
CC598 GP - Crosscutting,US598001 GP - Crosscutting General,GR000011.02 Restricted Coverage Identified,"24,098.54 ",Other,Great Plains ,,,
CC598 GP - Crosscutting,US598002 GP - Crosscutting Ops,GR000011.02 Restricted Coverage Identified," 13,248.13 ",Other,Great Plains ,,,
CC598 GP - Crosscutting,US598002 GP - Crosscutting Ops,GR013101.02 NWF - Mesic Restoration - 598,"9,980.79 ",Resilience,Great Plains ,,,
CC598 GP - Crosscutting,"US088326 Program Operations (NFWF, RSVP 2023 - Match)",GR000011.02 Restricted Coverage Identified,"9,829.19 ",Resilience,Great Plains ,,,
CC598 GP - Crosscutting,"US088324 Program Operations (NFWF, Plowprint 2023 - Match)",GR000011.02 Restricted Coverage Identified,"4,291.00 ",Resilience,Great Plains ,,,
CC598 GP - Crosscutting,US598002 GP - Crosscutting Ops,"GR011908.09 NFWF, Plowprint 2023 - 598 (CFDA-10.683)","2,051.00 ",Resilience,Great Plains ,,,
CC598 GP - Crosscutting,US598002 GP - Crosscutting Ops,"GR011908.10 NFWF, Plowprint 2023 - 598 (Bezos)",370.00 ,Resilience,Great Plains ,,,
CC599 Native Nations Conservation and Food Systems,US599100 Tribal Buffalo Lifeway Collaboration (TBLC),"GR012441.03 Swedish, Bison Restoration - 599 15.5%","154,836.31 ",Resilience,Great Plains ,,,
CC599 Native Nations Conservation and Food Systems,US599001 Native Nations Program Management,GR000011.01 Uncovered Salaries and Expenses,"139,677.44 ",Resilience,Great Plains ,,,
CC599 Native Nations Conservation and Food Systems,US599001 Native Nations Program Management,GR013276.02 Mars - GP Wildlife - 599 15.5%,"126,233.78 ",Resilience,Great Plains ,,,
CC599 Native Nations Conservation and Food Systems,US599001 Native Nations Program Management,GR012783.04 Tribal Buffalo Lifeways Bucket - 15.5% - 599,"86,580.08 ",Resilience,Great Plains ,,,
CC599 Native Nations Conservation and Food Systems,US599001 Native Nations Program Management,GR004358.10 HD - Sall - Native Nations cc599,"74,906.46 ",Resilience,Great Plains ,,,
CC599 Native Nations Conservation and Food Systems,US599001 Native Nations Program Management,"GR012441.03 Swedish, Bison Restoration - 599 15.5%","36,001.69 ",Resilience,Great Plains ,,,
CC607 LAC Valdivian Forest Ecoregion,9L080308 Chile Fisheries Project,GR011419.02 Sall - Chilean Seascapes - CL 607," 3,122,713.39 ",Landscape,Eastern Pacific,Chile,,
CC607 LAC Valdivian Forest Ecoregion,9L080304 Marine Project,GR011419.02 Sall - Chilean Seascapes - CL 607," 1,029,804.57 ",Landscape,Eastern Pacific,Chile,,
CC607 LAC Valdivian Forest Ecoregion,9L080308 Chile Fisheries Project,GR011419.04 Sall - Chilean Seascapes - 485," 7,391.88 ",Landscape,Eastern Pacific,Chile,,
CC620 Amazon - Forest Goal,9L082701 Amazon Regional Coordination,GR010444.06 Bezos Earth Fund - Coordination - Amazon - 620,"128,119.43 ",Landscape,Amazon,,,
CC620 Amazon - Forest Goal,9L082701 Amazon Regional Coordination,GR000011.01 Uncovered Salaries and Expenses,"57,304.14 ",Landscape,Amazon,,,
CC620 Amazon - Forest Goal,9L082701 Amazon Regional Coordination,GR000831.01 Amazon Bucket - 620,"24,678.48 ",Landscape,Amazon,,,
CC620 Amazon - Forest Goal,9L094470 Emergency Fund for Amazon Fires,GR000523.01 Amazon Fire Rapid Response & Recovery - 620,"4,150.00 ",Landscape,Amazon,,,
CC633 LAC - Peru Program Office,PER00207 SW Amazon,GR011418.01 Sall - SW Amazon - 633," 996,877.17 ",Landscape,Amazon,"Peru, Bolivia",,
CC633 LAC - Peru Program Office,PE085400 Peru Programme Management,GR011418.01 Sall - SW Amazon - 633," 65,636.64 ",Landscape,Amazon,"Peru, Bolivia",,
CC633 LAC - Peru Program Office,41000054 Forest-Enduring Earth,GR011417.08 Sall - 30x30 Global OCEM PM Salary- 409," 41,922.53 ",Landscape,Amazon,Peru,,
CC633 LAC - Peru Program Office,PER00251 South Amazon Projects,GR011418.01 Sall - SW Amazon - 633," 24,156.13 ",Landscape,Amazon,"Peru, Bolivia",,
CC633 LAC - Peru Program Office,PE085454 Políticas,GR011418.01 Sall - SW Amazon - 633," 5,742.32 ",Landscape,Amazon,"Peru, Bolivia",,
CC633 LAC - Peru Program Office,PER00237 Moore_30X32,GR012343.04 Moore_30X30 - PE cc633 0% Ind for grants and consultancies," 557,407.10 ",,,,,
CC633 LAC - Peru Program Office,PER00237 Moore_30X31,GR012343.03 Moore_30X30 - PE cc633 12.5% to Peru," 252,672.71 ",,,,,
CC633 LAC - Peru Program Office,PER00237 Moore_30X30,GR012343.02 Moore_30X30 - PE cc633 12.5% to HQ," 218,255.61 ",,,,,
CC633 LAC - Peru Program Office,PER00212 HPI – Global Forest Protection,GR011345.02 HPI - Global Forests Protection - Forests - PR-CC633," 118,954.73 ",,,,,
CC633 LAC - Peru Program Office,PE085400 Peru Programme Management,GR012343.02 Moore_30X30 - PE cc633 12.5% to HQ," 83,840.62 ",,,,,
CC633 LAC - Peru Program Office,PER00086 Securing the Future of Peru’s Natural Protected Areas,GR007700.05 WWF-GEF Securing the Future of Peru´s Protected Areas - 633," 37,260.27 ",,,,,
CC633 LAC - Peru Program Office,PE085400 Peru Programme Management,GR007700.05 WWF-GEF Securing the Future of Peru´s Protected Areas - 633," 31,484.59 ",,,,,
CC633 LAC - Peru Program Office,PE085403 Peru Office running costs,GR012343.03 Moore_30X30 - PE cc633 12.5% to Peru," 29,665.38 ",,,,,
CC633 LAC - Peru Program Office,PE085400 Peru Programme Management,GR010441.05 Bezos-PFP-Coordination Fund - 633," 28,843.24 ",,,,,
CC633 LAC - Peru Program Office,BEF00001 Bezos – PFP – Peru,GR010441.05 Bezos-PFP-Coordination Fund - 633," 26,848.64 ",,,,,
CC633 LAC - Peru Program Office,PER00252 Pacific Projects,GR012343.02 Moore_30X30 - PE cc633 12.5% to HQ," 26,141.50 ",,,,,
CC633 LAC - Peru Program Office,PER00211 WWF Peru Alliance for Legal Fisheries: Addressing IUU in Mahi Mahi and Jumbo Squid FIPs,GR010576.02 Walton WWF Peru Alliance for Legal Fisheries: Addressing IUU in Mahi Mahi and Jumbo Squid FIPs - CC633," 25,736.07 ",,,,,
CC633 LAC - Peru Program Office,PE085452 Comunicaciones,GR012343.02 Moore_30X30 - PE cc633 12.5% to HQ," 15,373.25 ",,,,,
CC633 LAC - Peru Program Office,PE085454 Políticas,GR012343.02 Moore_30X30 - PE cc633 12.5% to HQ," 14,355.79 ",,,,,
CC633 LAC - Peru Program Office,9Z127208 Peruvian Mahi Mahi FIP,GR011302.02 Bucket - FIP - Peru Mahi Mahi - 633," 12,385.25 ",,,,,
CC633 LAC - Peru Program Office,9Z127208 Peruvian Mahi Mahi FIP,GR012343.02 Moore_30X30 - PE cc633 12.5% to HQ," 11,215.27 ",,,,,
CC633 LAC - Peru Program Office,PE085400 Peru Programme Management,GR010576.02 Walton WWF Peru Alliance for Legal Fisheries: Addressing IUU in Mahi Mahi and Jumbo Squid FIPs - CC633," 10,907.64 ",,,,,
CC633 LAC - Peru Program Office,BEF00001 Bezos – PFP – Peru,GR007700.05 WWF-GEF Securing the Future of Peru´s Protected Areas - 633," 10,501.04 ",,,,,
CC633 LAC - Peru Program Office,PER00211 WWF Peru Alliance for Legal Fisheries: Addressing IUU in Mahi Mahi and Jumbo Squid FIPs,GR010576.03 Walton WWF Peru Alliance for Legal Fisheries: Addressing IUU in Mahi Mahi and Jumbo Squid FIPs - CC633 Fund 23," 9,452.91 ",,,,,
CC633 LAC - Peru Program Office,PE085403 Peru Office running costs,GR007700.05 WWF-GEF Securing the Future of Peru´s Protected Areas - 633," 7,775.20 ",,,,,
CC633 LAC - Peru Program Office,PER00116 Amazon Coordination Unit,GR012287.05 Charles Stewart Mott Foundation - Expanding Renewable Energy in the Amazon (non-Brazil) 2024-2025 - 633," 6,928.67 ",,,,,
CC633 LAC - Peru Program Office,PE085403 Peru Office running costs,GR011345.02 HPI - Global Forests Protection - Forests - PR-CC633," 6,000.00 ",,,,,
CC633 LAC - Peru Program Office,BEF00001 Bezos – PFP – Peru,GR010441.13 Bezos-PFP-Transition Funds - 633," 5,103.78 ",,,,,
CC633 LAC - Peru Program Office,PE085452 Comunicaciones,GR011345.02 HPI - Global Forests Protection - Forests - PR-CC633," 4,781.15 ",,,,,
CC633 LAC - Peru Program Office,PER00252 Pacific Projects,GR010576.02 Walton WWF Peru Alliance for Legal Fisheries: Addressing IUU in Mahi Mahi and Jumbo Squid FIPs - CC633," 3,467.31 ",,,,,
CC633 LAC - Peru Program Office,PER00252 Pacific Projects,GR011168.06 Costco Peru Mahi/Squid FIPs - CC633," 2,474.58 ",,,,,
CC633 LAC - Peru Program Office,PE085400 Peru Programme Management,GR011168.06 Costco Peru Mahi/Squid FIPs - CC633," 2,021.64 ",,,,,
CC634 LAC - Bolivia Program Office,"BO300300 Amazon Freshwater Bolivia, Perú & Regional",GR012287.03 Charles Stewart Mott Foundation - Expanding Renewable Energy in the Amazon (non-Brazil) 24/25 - Bolivia - 634," 35,465.88 ",,,,,
CC634 LAC - Bolivia Program Office,BO100700 Iténez Protected Area - Bolivia,GR007700.16 WWF GEF Agency Fees Boliva - CC634," 7,622.00 ",,,,,
CC638 Mexico DF Office - Mexico,MX087604 Mitigation,GR012241.02 Google c/o Tides Fdtn - ManglarIA (AI) for Mangroves - Climate - 638," 816,491.00 ",,,,,
CC638 Mexico DF Office - Mexico,MX085101 Protected Areas Finance - Marine,GR010442.04 Bezos Mangroves - 638," 265,978.61 ",,,,,
CC638 Mexico DF Office - Mexico,MX085102 Marine Ecosystems and Species,GR010442.04 Bezos Mangroves - 638," 209,901.85 ",,,,,
CC638 Mexico DF Office - Mexico,MX087503 Water Stewardship-Wildlife,GR012682.02 GCF - P and G - US Sustainability Partnership – Watershed Restoration Mexico - MX cc638 indirects to Mexico," 53,035.61 ",,,,,
CC638 Mexico DF Office - Mexico,MX087503 Water Stewardship-Wildlife,GR010442.04 Bezos Mangroves - 638," 50,000.00 ",,,,,
CC638 Mexico DF Office - Mexico,MX086403 Mexico F&A Direction,GR010442.04 Bezos Mangroves - 638," 47,050.50 ",,,,,
CC638 Mexico DF Office - Mexico,MX087503 Water Stewardship-Wildlife,GR011232.05 Starbucks-Greener Stores - Rio Grande - MX cc638 12.5% ind. to MX," 32,407.33 ",,,,,
CC643 LAC - Guyana (British),9L204900 FR1: Improved forest landscape management (IFM),GR010615.02 Securing a Living Amazon Guyana CC643," 1,691,431.32 ",Landscape,Amazon,,,
CC643 LAC - Guyana (British),9L208600 FR0: Forest Program Management,GR007700.19 CC643 GEF Project Supervision Guyana," 31,155.26 ",,,,,
CC652 Ecuador,EC210500 Project supervision for the Project Biodiversity conservation and sustainable management of two priority landscapes in,GR007700.10 Agency Fee Ecuador Supervision CC652," 25,000.00 ",,,,,
CC657 LAC - Paraguay,9L081500 Atlantic Forest Ecoregion Coordination for Conservation,GR000406.15 Climate Change Adaption and Resilience Bucket - 657," 6,666.66 ",Resilience,,Paraguay,,
CC657 LAC - Paraguay,9L081509 Market Transformation Initiative Paraguay,GR013103.04 Moore DCF Finance Renewal CC657 12.5%," 59,706.42 ",Private Sector ,,Paraguay ,,
CC657 LAC - Paraguay,9L081509 Market Transformation Initiative Paraguay,GR013103.03 Moore DCF Finance Renewal CC657 0%," 46,000.00 ",Private Sector ,,Paraguay ,,
CC657 LAC - Paraguay,9L081509 Market Transformation Initiative Paraguay,GR012231.03 Moore CMI 2.0 CC657 12.5%," 28,920.97 ",Private Sector ,,Paraguay ,,
CC700 Network Development General,70000010 UNDP/IKI Main,GR012189.01 Enabling and Scaling Up Nature-Related Financial Disclosures - 700,"22,475.00 ",Other,,,,
CC705 Global Practice Groups,70500003 Global Forest Practice,GR005G09.02 Network Finance Practice - HQ cc705,"476,621.16 ",Other,,,,
CC705 Global Practice Groups,70000004 Ombudsperson,GR013186.01 Ombudperson hosting in WWF US - CC705 - 8.5%,"413,605.64 ",Other,,,,
CC705 Global Practice Groups,70500005 Global Finance Practice,GR005G09.02 Network Finance Practice - HQ cc705,"274,380.63 ",Other,,,,
CC705 Global Practice Groups,70500006 Global Food Practice,GR005G09.02 Network Finance Practice - HQ cc705,"247,763.75 ",Other,,,,
CC705 Global Practice Groups,70000003 Global Conservation Director,GR005G09.02 Network Finance Practice - HQ cc705,"60,321.21 ",Other,,,,
CC710 Network Development GEF,9Z142902 GEF Manangement Unit,GR010624.01 Mainstreaming biodiversity conservation in the Tourism Sector Colombia,"652,294.00 ",Other,Amazon ,Colombia ,,
CC710 Network Development GEF,9Z142902 GEF Manangement Unit,GR010616.03 WWF Ecuador Biodiversity conservation and sustainable management of two priority landscapes in the Ecuadorian Amazon,"1,500,000.00 ",Landscape,Amazon,Ecuador,,
CC710 Network Development GEF,MG007000 Madagascar's Marine Protected Areas Network,GR007807.01 Madagascar's marine Protected Areas Network - 701,"1,000,000.00 ",Landscape,SWIO,,,
CC710 Network Development GEF,9Z142902 GEF Manangement Unit,GR010555.01 Promoting Dryland Sustainable Landscapes and Biodiversity Conservation in the Eastern Steppe of Mongolia,"600,000.00 ",Landscape,,Mongolia,,
CC710 Network Development GEF,9Z142902 GEF Manangement Unit,GR010619.02 Strengthening Marine Resource Management of Micronesian Large Ocean States - 710,"500,000.00 ",Landscape,Indonesia and Southern Pacific Islands,,,
CC710 Network Development GEF,9Z142902 GEF Manangement Unit,GR010618.01 Melanesia Fishers,"308,046.00 ",Resilience,Indonesia and Southern Pacific Islands,,,
CC710 Network Development GEF,9Z142902 GEF Manangement Unit,"GR010614.01 Food Systems, Land Use and Restoration in Tanzania’s Forest Landscapes 710","2,000,000.00 ",Resilience,,Tanzania ,,
CC710 Network Development GEF,9Z142902 GEF Manangement Unit,GR011673.01 Lake Naivasha Basin Ecosystem Based Management,"500,000.00 ",Resilience,,Kenya,,
CC710 Network Development GEF,9Z142902 GEF Manangement Unit,GR010859.01 Establishing the Taskforce on Nature-related Financial Disclosures (TNFD),"350,443.00 ",Private Sector ,,,,
CC710 Network Development GEF,9Z142902 GEF Manangement Unit,GR007805.01 Land Degradation Neutrality Fund Technical Assistance Facility - 710,"47,830.00 ",Resilience,,,,
CC720 WWF Impact,IMPCT000 WWF Impact,GR000011.01 Uncovered Salaries and Expenses,"661,019.49 ",Finance,,,,
CC720 WWF Impact,IMPCT000 WWF Impact,GR000041.01 Innovation Fund 2,"275,275.88 ",Finance,,,,
CC720 WWF Impact,IMPCT000 WWF Impact,GR012883.01 Builders Initiative Seaweed Operations Impact- 720,"221,532.88 ",Finance,,,,
CC720 WWF Impact,IMPCT000 WWF Impact,GR000876.03 Impact Investing Bucket - 720,"21,645.03 ",Finance,,,,
CC723 Global Policy,70500009 Global Policy and Advocacy,GR000001.01 Program Unrestricted - cc000,"353,104.00 ",Other,,,,
CC723 Global Policy,70500010 TFFF,GR004358.11 Sall - Global Policy - 723,"65,620.80 ",Finance,Amazon,,,
CC723 Global Policy,70500010 TFFF,GR013068.01 RBF TFFF - 723,"56,114.66 ",Finance,Amazon,,,
CC725 President's Office - Boundless,NATRNTWK Boundless Administration,GR011687.01 Merlin - TA Barron - Nature Network Fellowship - 725,"620,782.40 ",Other,,,,
CC725 President's Office - Boundless,725BNDLS Boundless Programming,GR012023.01 Nature Network - Trudy Fellowship,"500,000.00 ",Other,,,,
CC725 President's Office - Boundless,NATRNTWK Boundless Administration,GR004950.14 Ubbens - Boundless - 725,"50,000.00 ",Other,,,,
CC725 President's Office - Boundless,725BNDLS Boundless Programming,GR004950.14 Ubbens - Boundless - 725,"42,100.00 ",Other,,,,
CC730 CC730 Green Accelerator Fund,40700000 Conservation Programs,GR013242.01 Palladium Speers - Green Accelerator Fund - CC730,"49,480.51 ",Other,,,,
CC730 CC730 Green Accelerator Fund,40700000 Conservation Programs,GR013113.01 Merlin Foundation/T. Barron-The Green Accelerator Fund - CC730,"15,000.00 ",Other,,,,
CC731 Nature Finance Central,NF000001 Nature Finance,GR000011.03 Institutional Commitments,"217,852.59 ",Finance,,,,
CC732 Public Finance,NF000001 Nature Finance,GR000011.01 Uncovered Salaries and Expenses,"435,997.78 ",Finance,,,,
CC733 Private Finance,NF000001 Nature Finance,GR000011.03 Institutional Commitments,"247,501.16 ",Finance,,,,
WD Cost Center Hierarchy (Uncategorized),ID020203 Coastal Ecosystem Conserved Areas,GR012415.01 DAF - Oceans Bucket,"15,290.00 ",Landscape,,,,
,10519001 Private Finance Outcome 1 - Banks & DCF,GR011161.02 Moore Baselining for Financial Institutions CC443 12.5%,"24,473.57 ",Private Sector ,,,,
,,GR004815.02 Shawman Creek. - Sniffer Dogs - 451,"14,293.10 ",Resilience,,,,
